tolerance,variant,variant_description,f,t,images,mean_psnr,mean_ssim,mean_score,mean_elapsed_seconds
0,f3_t2,Patch radius 3; search radius 2,3,2,11,31.71741435284763,0.9191774581225928,61.81758008255345,0.8954509249994193
0,f3_t3,Patch radius 3; search radius 3,3,3,11,31.71731662423716,0.9191622482054499,61.81677072239108,1.7697002380948768
0,f3_t4,Patch radius 3; search radius 4,3,4,11,31.717205946169205,0.9191469186464339,61.815948905406316,3.077464479090519
0,f2_t2,Patch radius 2; search radius 2,2,2,11,31.84786788727605,0.9155654339430588,61.70220564079096,0.5745822923623067
0,f2_t3,Patch radius 2; search radius 3,2,3,11,31.847243737601136,0.9155001312223697,61.69862842991906,1.0417389418157241
0,f2_t4,Patch radius 2; search radius 4,2,4,11,31.84640586388199,0.9154165708120655,61.694031472544275,1.7351849375435533
0,f1_t2,Patch radius 1; search radius 2,1,2,11,29.68609851693715,0.9052685935658975,60.10647893676346,0.6794106824593407
0,f1_t3,Patch radius 1; search radius 3,1,3,11,29.68455317537241,0.9051044554903352,60.09749936220297,0.7160358033645686
0,f1_t4,Patch radius 1; search radius 4,1,4,11,29.683203163169352,0.9049729912055977,60.09025114186456,1.1689889044527346
4,f3_t2,Patch radius 3; search radius 2,3,2,11,31.752740660483607,0.9200778520488521,61.88026293268442,0.8788282174553553
4,f3_t3,Patch radius 3; search radius 3,3,3,11,31.7526439793388,0.9200645418971763,61.879549084528215,1.7637024081830697
4,f3_t4,Patch radius 3; search radius 4,3,4,11,31.75252655304339,0.9200506589958374,61.87879622631356,2.958800636459438
4,f2_t2,Patch radius 2; search radius 2,2,2,11,31.92836520279133,0.9168870198531613,61.80853359405373,0.561031195552046
4,f2_t3,Patch radius 2; search radius 3,2,3,11,31.92775854025674,0.9168267967892928,61.80521910959301,1.0459850634532897
4,f2_t4,Patch radius 2; search radius 4,2,4,11,31.92691177051933,0.916748100572697,61.80086091389451,1.7359025098161178
4,f1_t2,Patch radius 1; search radius 2,1,2,11,29.811640931825206,0.9069844180053294,60.255041366179064,0.3751330536377447
4,f1_t3,Patch radius 1; search radius 3,1,3,11,29.810187900674382,0.9068342634474574,60.24680712271006,0.7192019527243577
4,f1_t4,Patch radius 1; search radius 4,1,4,11,29.80881145725965,0.9067124698280019,60.240029220029925,1.1692126674567012
