h,psnr,ssim,score
154.0,11.70704668558866,0.2578906841216695,18.748057548877803
155.0,11.70743908606141,0.2578864814062089,18.74804361334115
156.0,11.707964851217312,0.2578842916645627,18.74819700883679
157.0,11.708430648433035,0.2578843777470913,18.74843421157108
158.0,11.708951303559958,0.25788538771783115,18.748745037671537
159.0,11.70941273127636,0.2578787233817191,18.748642534724134
160.0,11.709936620261622,0.25788150587422587,18.749043603842104
161.0,11.710490078985252,0.25788059147311276,18.749274613148266
162.0,11.71103496406637,0.2578808759286593,18.74956127846615
163.0,11.711591090625362,0.2578801567610495,18.749803383365155
164.0,11.712113972727762,0.25787952574705775,18.750033273716767
165.0,11.712746088354898,0.2578785026975711,18.750298179056003
166.0,11.71334064271104,0.2578765948963486,18.75050006617295
167.0,11.71396231343072,0.25788151859386277,18.751057086408498
168.0,11.71456658542785,0.25787645952061494,18.75110626874467
169.0,11.71513277728858,0.2578734005052188,18.75123641390523
170.0,11.715809421417852,0.25787775453679324,18.751792437548588
171.0,11.716435496979356,0.25787573846368494,18.752004671673927
172.0,11.71713078037293,0.25787684930146915,18.752407855259925
173.0,11.71773473664189,0.25787402756587885,18.752568746614887
174.0,11.718383826734103,0.2578741573444945,18.752899780591775
175.0,11.719004770180657,0.2578699489137214,18.752999830776396
176.0,11.719671974766824,0.2578706798769543,18.753369981231124
177.0,11.72046750177513,0.25787276344670157,18.753871923222643
178.0,11.721175753515421,0.2578735539442492,18.754265573970173
179.0,11.721849203970969,0.2578745616498641,18.75465268447869
180.0,11.722468419560554,0.25787543380400424,18.75500589998049
181.0,11.723156978660992,0.25787725592011457,18.755441285336225
182.0,11.72385895846007,0.2578770060624686,18.755779782353464
183.0,11.724658940456665,0.25787857175347123,18.756258057901896
184.0,11.725297224869898,0.25787923268999596,18.75661024693475
185.0,11.725941695300484,0.25788009359985037,18.75697552764276
186.0,11.726613397956056,0.25788013157273715,18.757313277614884
187.0,11.727288439274357,0.2578803571419251,18.757662076733432
188.0,11.727932295014028,0.2578787932426947,18.75790580964175
189.0,11.728593179719763,0.25788036897320404,18.75831503852008
190.0,11.729298740136286,0.25788177878309787,18.758738309223038
191.0,11.729982266252124,0.2578850969467264,18.75924598046238
192.0,11.730621162793406,0.25788378416138436,18.75949978946592
193.0,11.731233925240545,0.2578852296390559,18.75987844457307
194.0,11.731788453578725,0.2578822201199388,18.760005232786302
195.0,11.732453467742978,0.25788659718622065,18.76055659318252
196.0,11.733002623092954,0.2578848604211099,18.760744332601973
197.0,11.733651101585405,0.2578886253069937,18.761256816142385
198.0,11.73424645868646,0.25788915604292834,18.761581031489648
199.0,11.734796441023699,0.2578909851152433,18.761947476274013
200.0,11.735436031032325,0.2578955146755317,18.762493749292744
201.0,11.735991388796016,0.2578990830096716,18.76294984488159
202.0,11.736556880810898,0.25790031261496166,18.76329407115353
203.0,11.737259327230962,0.25790787433600393,18.76402338041568
204.0,11.737897474373195,0.2579141941441203,18.764658444392616
205.0,11.738566565225161,0.25791983549597,18.76527505741108
206.0,11.739197584430276,0.25792678290486687,18.76593793745848
207.0,11.739816734349144,0.25793025427634586,18.766421080991865
208.0,11.740489357975342,0.25794115671644174,18.767302514809757
209.0,11.741243583299376,0.2579533885046365,18.768291216881515
210.0,11.741951331451974,0.25796604832033615,18.769278081742794
211.0,11.74273423941299,0.25798028016212826,18.770381127812907
212.0,11.743447540407686,0.2579919663120282,18.771322085805252
213.0,11.744252791419658,0.25801030779507894,18.772641785463776
214.0,11.74511754376465,0.2580273510506508,18.773926324414866
215.0,11.74594861405772,0.25804569246768866,18.775258930413294
216.0,11.74686462340635,0.25806880874452376,18.776872748929364
217.0,11.74785761644809,0.25809044199345865,18.77845090789698
218.0,11.74877078539417,0.25811228985429835,18.779999885412003
219.0,11.749854812569458,0.2581396904269419,18.781911927631825
220.0,11.750904207043305,0.25816371257513004,18.783637732278155
221.0,11.752110151835616,0.25819546613157524,18.785828382496568
222.0,11.753300923598907,0.25822553825488115,18.78792737454351
223.0,11.754549858272835,0.2582578326239885,18.79016656033584
224.0,11.755967211138945,0.25829657344215085,18.792812277677015
225.0,11.75732787050665,0.25833210457896566,18.795269164201606
226.0,11.758801636051254,0.2583751296420081,18.798157300126032
227.0,11.760361744379004,0.2584176364178866,18.801062693083836
228.0,11.762030513350247,0.2584649126036088,18.804260886855566
229.0,11.763704375093226,0.25850932175792374,18.8073182754428
230.0,11.765600678253957,0.2585637983732916,18.81099025779156
231.0,11.767545806739712,0.25861879968356744,18.814712887548225
232.0,11.769565493600652,0.2586760179069367,18.81858364214716
233.0,11.771776054550287,0.2587392052981647,18.82284829218338
234.0,11.77403385886408,0.2588035539462588,18.82719462674498
235.0,11.776442441619977,0.2588697250206649,18.831707471843234
236.0,11.778988598408308,0.25894046936686455,18.83651776754738
237.0,11.78164468454382,0.25901794368723535,18.84171952663368
238.0,11.784479427217477,0.25909861350778046,18.84717038899776
239.0,11.787368509729177,0.25918102833517426,18.8527356716233
240.0,11.790376830367304,0.25926676581336666,18.858526705851986
241.0,11.793538342936836,0.25935853454703645,18.86469589882024
242.0,11.796935328859766,0.25946043450218464,18.871489389539114
243.0,11.800450305210504,0.2595598471794646,18.878217511578484
244.0,11.804056321384586,0.25966510585366864,18.885283453375727
245.0,11.807974995883782,0.25977832821619484,18.892903908751634
246.0,11.811990578623398,0.2598908294306103,18.900536760842215
247.0,11.816291565005855,0.26001547484294035,18.908919524649946
248.0,11.820620911073132,0.2601455086137292,18.917585886223026
249.0,11.8251840679898,0.26027332712723694,18.926258390356747
250.0,11.82990670428084,0.2604100604928167,18.935456376781254
251.0,11.83487303275884,0.2605529449151174,18.94508376213529
252.0,11.840015506447576,0.26070150520334806,18.955083013391192
253.0,11.845456401795737,0.2608551464540784,18.96548552360179
254.0,11.851056435649323,0.2610179278686612,18.97642461125772
255.0,11.856852629068786,0.2611834324571122,18.98759793739
256.0,11.86301825022877,0.2613618661350396,18.999602431866364
257.0,11.869223720040427,0.26153888133337927,19.011555926689176
258.0,11.875739561691606,0.2617265857833049,19.024199070011047
259.0,11.882365201333634,0.2619205603303642,19.037210617185025
260.0,11.889392523960352,0.26211881929152825,19.05063722655659
261.0,11.8966739076272,0.26232936266241563,19.06480508693438
262.0,11.904214017754173,0.2625445306978311,19.07933354376864
263.0,11.912077993653451,0.2627708065985864,19.094579326756048
264.0,11.920242153201151,0.263009332897012,19.110587721451175
265.0,11.928532063760214,0.2632435980636146,19.126445935060836
266.0,11.937258719676556,0.26349951796618076,19.143605258147318
267.0,11.946134889915099,0.2637499027098407,19.160562580449586
268.0,11.955319761234007,0.2640130732082343,19.178313541028718
269.0,11.964854274071783,0.2642877560043585,19.196814937253816
270.0,11.974801236845757,0.26457221382003726,19.216011309424744
271.0,11.98494887160783,0.26486176350960505,19.235562611284166
272.0,11.99534434030564,0.2651619905155514,19.25577169593039
273.0,12.00602929954966,0.265464695198708,19.276249409710232
274.0,12.017208378955262,0.2657916744578635,19.298187912370807
275.0,12.028791354803818,0.26612318047901323,19.32055470135257
276.0,12.04044485290435,0.26645132133510435,19.342788493207394
277.0,12.052680698066325,0.2668075744700604,19.366719072536185
278.0,12.065243927386877,0.2671726733403991,19.391255630713395
279.0,12.078045118945282,0.2675281569974771,19.415430409346495
280.0,12.091266040987488,0.2679099684063833,19.44113144081291
281.0,12.104944024056142,0.26830199444058594,19.467571734057366
282.0,12.11891700346441,0.2687025558912572,19.494586296295065
283.0,12.133274538937064,0.2691136056483877,19.522317551887916
284.0,12.14800019313743,0.26953741038635864,19.550870615886648
285.0,12.163012033409156,0.2699598631433767,19.579499173873415
286.0,12.178578514731992,0.2704125027065487,19.609914392693433
287.0,12.194448399333202,0.2708683354279509,19.640640971064148
288.0,12.210766599181412,0.2713413160649069,19.67244910283605
289.0,12.227415511115499,0.27181544286188053,19.704479898651776
290.0,12.244411743339452,0.2723012402877031,19.73726788605488
291.0,12.26189274824722,0.27279645646929024,19.770769197588123
292.0,12.279858561900156,0.27331465450519266,19.805662006209708
293.0,12.298208883697638,0.2738387631793368,19.84104260081566
294.0,12.316928221358818,0.27436617384655376,19.8767728030071
295.0,12.33605069926278,0.27490680285294067,19.913365492278423
296.0,12.355749258862483,0.2754698809853308,19.951368678697783
297.0,12.375607510924784,0.2760363631102984,19.989621910977313
298.0,12.396179528791453,0.27663027182874844,20.02960335583315
299.0,12.417086752660333,0.27722130643187537,20.069608697923936
300.0,12.438307373124207,0.2778293276678525,20.110620069954727
301.0,12.46007916145172,0.2784437726423931,20.152228212845515
302.0,12.48219917794037,0.2790674224617767,20.19447071205902
303.0,12.504939313843604,0.27971132563900697,20.23803593887215
304.0,12.52808851537094,0.2803697735615255,20.282532935761743
305.0,12.551562392211189,0.28103941325785364,20.327751858998276
306.0,12.575463468937473,0.2817021216885379,20.372837818895633
307.0,12.599908257337734,0.2823968147975019,20.41979486854396
308.0,12.624875705941543,0.2831035455420792,20.467615130074734
309.0,12.650222163561596,0.2838273704849504,20.516479606028316
310.0,12.675918422749765,0.28453729313569265,20.564823868159515
311.0,12.702098393032589,0.28527106220046566,20.614602306539577
312.0,12.728937788812031,0.28602747271540674,20.665842530176352
313.0,12.755808675357219,0.28677706806458625,20.716757740907923
314.0,12.78347466466684,0.287534344794961,20.76845457208147
315.0,12.811769066283809,0.28833116323386315,20.82244269483506
316.0,12.839968833147628,0.2891149916632112,20.875733999734376
317.0,12.869110055860995,0.28992287027476815,20.930698541668907
318.0,12.898516903359612,0.29072858355551917,20.985687629455764
319.0,12.928310669831049,0.2915571004844021,21.04201035913563
320.0,12.95866174622475,0.29239263123541637,21.098962434883195
321.0,12.98942620614982,0.2932273404959639,21.156080127873103
322.0,13.02063172281282,0.29410466538365687,21.215549130589253
323.0,13.052267823212055,0.2949654415863763,21.27440599092484
324.0,13.084340110556433,0.2958296617346627,21.33365314201135
325.0,13.116881059083507,0.2967046106447237,21.393671061777937
326.0,13.14984509285493,0.2975955644269784,21.454700767776384
327.0,13.183352346080781,0.29850862006708206,21.517107176394493
328.0,13.217137140574032,0.29941218916665463,21.579178028619747
329.0,13.251486607137839,0.30031364699458596,21.641425653298217
330.0,13.286141515297585,0.30124537510883564,21.705339513090575
331.0,13.32109757366926,0.30215900513597216,21.768499043633238
332.0,13.356771635035612,0.3030939927791871,21.83308545647716
333.0,13.39268631053281,0.30403549891320153,21.89811810092648
334.0,13.429203912789006,0.3050004461930477,21.96462426604689
335.0,13.465880919523933,0.3059355575882868,22.029718339176306
336.0,13.503098750658328,0.30689387719135064,22.096243234896697
337.0,13.5405962351957,0.30785012397763745,22.162804316479722
338.0,13.578518909578477,0.30882511365245446,22.230515137411963
339.0,13.616915284370428,0.30979919945624407,22.29841761499742
340.0,13.65581666556875,0.31076473128957177,22.366144897262963
341.0,13.6948161660737,0.3117497908992618,22.434897627999938
342.0,13.734353133494665,0.31271886016646505,22.503119575070585
343.0,13.774081419917167,0.3137058416267346,22.572332791295313
344.0,13.814201899522597,0.31468018749876114,22.641110324699355
345.0,13.854792197042682,0.3156740418356763,22.711098190305158
346.0,13.895523634690992,0.31664706081314115,22.780114858002555
347.0,13.936672900051423,0.31763311267175454,22.849992083613436
348.0,13.978273630893103,0.3186208009287308,22.920176861883093
349.0,14.020084021218167,0.3196093606917359,22.99051004519588
350.0,14.062147864145873,0.3205807254108863,23.06011020261725
351.0,14.104840175021089,0.32157668884656,23.131254529838543
352.0,14.147240602149937,0.32253094433318297,23.200167517734116
353.0,14.190118925860105,0.3235009950759461,23.270109216727356
354.0,14.233406035944006,0.3244799771823126,23.340701877087632
355.0,14.276872214314269,0.32543653044218757,23.410262629266512
356.0,14.320451446691681,0.32640682335600124,23.480566891145905
357.0,14.364172896024295,0.3273594113670148,23.550057016362885
358.0,14.40839966886194,0.3282982159794692,23.61911063340443
359.0,14.452755336225838,0.32924465570704003,23.688610453464918
360.0,14.497237258301592,0.3301744323482706,23.757340246564326
361.0,14.541976264871256,0.33111067784749115,23.82652202481019
362.0,14.586655516731772,0.33200615539049283,23.893635527890527
363.0,14.631387563072522,0.33290931476206614,23.96115951963957
364.0,14.676678794225191,0.333827443827142,24.029711588469695
365.0,14.72192539425948,0.3347142270975089,24.096674052005184
366.0,14.767285230212558,0.33559277678303306,24.16328145425793
367.0,14.812620324738518,0.3364579388042916,24.22920710258384
368.0,14.857925488683591,0.3373276303454086,24.295344261612225
369.0,14.903433470125812,0.3381590326482118,24.359668367473496
370.0,14.94903781992744,0.3390007909723541,24.424558458581423
371.0,14.994765290036277,0.3398022352503029,24.487494407533283
372.0,15.040378039296138,0.34061857409428553,24.551117724362346
373.0,15.085970993054271,0.34142414330105725,24.61419266158
374.0,15.131510335569999,0.34221741127559197,24.6766257315646
375.0,15.177071643206252,0.34299174646633723,24.73812314491999
376.0,15.222949443457656,0.3437578331905558,24.79936638125662
377.0,15.268069138698587,0.3444714146322577,24.857605300962177
378.0,15.3135427644383,0.34522018364657087,24.91778056454769
379.0,15.358711484165937,0.3459018402129749,24.974447752731713
380.0,15.403873288273676,0.34660720604079537,25.032296946176608
381.0,15.449007183235562,0.3472905380999234,25.08903049661395
382.0,15.493962216923649,0.34794541447582095,25.14425183225287
383.0,15.53844816392565,0.348582135543231,25.198330859124376
384.0,15.583283406565378,0.3492239023896372,25.25283682276455
385.0,15.62740280375797,0.3497759223166619,25.302497517712077
386.0,15.671460299579456,0.35036070572532335,25.353765436055898
387.0,15.715379033019527,0.35094674702076123,25.405026867547825
388.0,15.759200538321238,0.3515315198427268,25.45617626129696
389.0,15.802487621025907,0.3520530819535186,25.503897908188883
390.0,15.845778988576352,0.35255632594680925,25.550705791628637
391.0,15.888381067908398,0.3530153025263,25.594955660269196
392.0,15.931037859722395,0.353520151973434,25.641526528532896
393.0,15.973301744530081,0.35397906662443657,25.68560420348687
394.0,16.015167230775255,0.3543989733199943,25.727532281387344
395.0,16.05683686887683,0.35479763989202195,25.768300429039513
396.0,16.09800892500267,0.35519245540866456,25.808627232934562
397.0,16.13875468247386,0.35557839243370154,25.848296962922007
398.0,16.179404597486656,0.35594450162813307,25.886927380149984
399.0,16.219073583179853,0.3562363273473287,25.921353158956357
400.0,16.258660012563574,0.3565638159391226,25.95752080323792
401.0,16.297964750975645,0.3568462516177148,25.991294956373565
402.0,16.336586764526142,0.35714577138062265,26.025581951294207
403.0,16.374824108623194,0.357385057649218,26.0566649367725
404.0,16.412804317253165,0.3576141273162864,26.0871085244409
405.0,16.449874628708923,0.3578121331765915,26.11554397318404
406.0,16.48676800481149,0.3580245316157009,26.14461058319079
407.0,16.523562999812786,0.3582197963655876,26.172771318185774
408.0,16.559480585714155,0.35838998271435746,26.199239428574952
409.0,16.594418123745626,0.3584984214332169,26.22213013353366
410.0,16.62915181672397,0.35859746103645374,26.24444896018467
411.0,16.66355523958248,0.35870968410843673,26.267261825213076
412.0,16.697177019673966,0.3587550455873302,26.286340789203493
413.0,16.730542538490788,0.3588414030020666,26.307341419348724
414.0,16.762748942204702,0.35880950922279115,26.321849932241907
415.0,16.795172896843418,0.35886990515200434,26.341081706021928
416.0,16.826672460515837,0.35888546033179103,26.35760924684747
417.0,16.85740396758542,0.3588518481114189,26.371294389363655
418.0,16.888123250539564,0.358863988253685,26.38726103795403
419.0,16.917811403655428,0.35876177927407993,26.39699466553171
420.0,16.946848784734765,0.35866643229695544,26.406746007215155
421.0,16.975587146382104,0.3586021061123088,26.417898878806493
422.0,17.003666914906887,0.3584646568895949,26.42506630193319
423.0,17.030950209608623,0.35831156593286306,26.431053401447464
424.0,17.0578385010798,0.35818869901315886,26.438354201197843
425.0,17.084110622797585,0.35802261764105225,26.443186193451403
426.0,17.10994571061208,0.357850966973164,26.44752120396424
427.0,17.1348201744405,0.35765818012542544,26.450319093491522
428.0,17.159625596746814,0.3574885407364974,26.454239835198276
429.0,17.18329977816786,0.35722898379706053,26.453099078936958
430.0,17.20720991306926,0.35702445370386043,26.454827641727654
431.0,17.22965509083886,0.3567872786698343,26.454191478911145
432.0,17.25214414818327,0.356535978337046,26.452870990943932
433.0,17.273524865298445,0.356248732275679,26.449199046433172
434.0,17.294566573785367,0.35597309584309117,26.44593807904724
435.0,17.314897975645604,0.35565618829270323,26.440258402457964
436.0,17.334773590642804,0.35530428659835767,26.432601125239284
437.0,17.35437079811881,0.35496941044979513,26.425655921549165
438.0,17.373164646878507,0.3546460760698464,26.41888612693157
439.0,17.391097045031504,0.35430145056519896,26.410621050775703
440.0,17.408969945435825,0.3539531498404703,26.40214246474143
441.0,17.426377426670665,0.3535557316403087,26.390975295350763
442.0,17.44256346407736,0.35314973031161473,26.378768247619416
443.0,17.458826032421026,0.3527761324015195,26.36821963628649
444.0,17.474385563055176,0.3523810959068088,26.35624757686803
445.0,17.48948944662817,0.3519829638665918,26.343892916643675
446.0,17.50389101130289,0.35151297802484494,26.32759440689369
447.0,17.518095285261396,0.35109368499132326,26.31373189219686
448.0,17.531800929432226,0.3506594380675398,26.2988723680931
449.0,17.545038676150504,0.3501679496100026,26.28091681857538
450.0,17.55761839202091,0.3497220770311512,26.264913047568015
451.0,17.56974476441487,0.34925221536300555,26.247483150357713
452.0,17.581185834877306,0.3487607595293494,26.22863089390612
453.0,17.592388997594117,0.348278330236231,26.210111010608607
454.0,17.603375805301464,0.34781807158276756,26.19259148178911
455.0,17.61367836748053,0.34731526835756965,26.17260260161875
456.0,17.62385420442149,0.34684500216041175,26.15417721023133
457.0,17.633353608721848,0.3463170883954104,26.132531224131444
458.0,17.64222901866377,0.3457391149764499,26.108070258154378
459.0,17.6508711199346,0.34522361116972367,26.086616118453485
460.0,17.65929509759748,0.34469794316739,26.06454470716824
461.0,17.667209943872287,0.34414520647316094,26.04086529559419
462.0,17.674867225305917,0.3435907291617593,26.016970070740925
463.0,17.681984872472004,0.34300633556128846,25.991309214300422
464.0,17.68863726700019,0.34247114514704424,25.967875890852305
465.0,17.695411561329838,0.3419651253801903,25.945962049674435
466.0,17.70153191750991,0.3413802643892227,25.91977917821609
467.0,17.70750145628633,0.3408646334396951,25.896982400127918
468.0,17.71294725686441,0.3403205165108747,25.87249945397594
469.0,17.718176408325103,0.33975119443394025,25.846647925859564
470.0,17.723088995876687,0.3391739077651423,25.820239886195456
471.0,17.727468397027714,0.33859283835180964,25.79337611610434
472.0,17.731724334898903,0.3380119262114375,25.766458478021327
473.0,17.73587790701008,0.3374273277215759,25.739305339583836
474.0,17.739548715203547,0.33684677412897585,25.712113064050566
475.0,17.74287067908834,0.3362568345916875,25.684277069128544
476.0,17.745979998745298,0.33565454137070844,25.65571706790807
477.0,17.74897221162678,0.33509672911412264,25.629322561519523
478.0,17.751754855328016,0.33449901227000417,25.600828041164217
479.0,17.75417283458925,0.3339222748200239,25.57320015829582
480.0,17.756331212099234,0.3333062398019088,25.543477596145056
481.0,17.75829806873668,0.332683621911946,25.513330129965638
482.0,17.75987404527648,0.3320788026364469,25.483877154460586
483.0,17.76168645298589,0.3315281094442648,25.457248698706184
484.0,17.763283388417772,0.3309917201302473,25.43122770072125
485.0,17.764282601164716,0.33038918227786224,25.40160041447547
486.0,17.765458910328306,0.32981314321555333,25.37338661594182
487.0,17.766409906193076,0.32922945717617763,25.34467781190542
488.0,17.767189971470877,0.3286693311553527,25.317061543503073
489.0,17.767567714064555,0.32807736604770055,25.287652159417306
490.0,17.76779535675472,0.3274819981865106,25.25799758770289
491.0,17.767864372683306,0.3269030208185335,25.22908322726833
492.0,17.76788476223132,0.32633643432670606,25.20076409745096
493.0,17.767378312981357,0.3256969469245945,25.168536502720404
494.0,17.767072317404967,0.32508564668558115,25.13781849298154
495.0,17.766827618735825,0.3245353829140005,25.110182955067938
496.0,17.765942470439672,0.32392277642801753,25.079110056620713
497.0,17.76524438089919,0.32334390104362876,25.049817242631033
498.0,17.764586070463153,0.322774422501629,25.021014160313026
499.0,17.763938365050656,0.32223779197008645,24.99385878102965
500.0,17.762790398044437,0.32166121003968573,24.964455701006504
501.0,17.76147676603384,0.3210493802050268,24.933207393268262
502.0,17.760228349173758,0.3204752888462227,24.903878616898012
503.0,17.758498296208867,0.3198828865772166,24.873393476965262
504.0,17.757154221277315,0.319324393888953,24.844796805086308
505.0,17.755959916477188,0.3187884140151072,24.817400658993954
506.0,17.75435321417096,0.31823324288435867,24.788838751303413
507.0,17.752229132853465,0.31764247786908706,24.758238459881085
508.0,17.75039172299355,0.31706331984645947,24.72836185381975
509.0,17.748520697232056,0.31649363555336363,24.69894212628421
510.0,17.746521337944408,0.3159549909993681,24.67101021894061
511.0,17.744317600514513,0.3153720589215572,24.640761746335116
512.0,17.742136370783463,0.3148224246766645,24.612189419224954
513.0,17.7398633761688,0.31426531218252485,24.583197297210642
514.0,17.738016554455594,0.31376498401133024,24.55725747779431
515.0,17.735516100191294,0.313188274580434,24.527171779117346
516.0,17.733025852608712,0.31261877349732886,24.4974516011708
517.0,17.73062339244292,0.31208097453922,24.469360423182458
518.0,17.728317438934496,0.311545974463405,24.4414574426375
519.0,17.725880318511443,0.3110079490123832,24.41333760987488
520.0,17.7230961600634,0.3104558468121588,24.38434042063964
521.0,17.72068040268631,0.30995346745747865,24.35801357421709
522.0,17.71808472105696,0.3094397303911041,24.331028880083686
523.0,17.715226167284428,0.3089239573808816,24.30381095268629
524.0,17.712608525120864,0.3083897066119827,24.275789593159566
525.0,17.70960554305331,0.30785279231028256,24.247442387040785
526.0,17.706800285441464,0.3073339730898287,24.220098797212167
527.0,17.703722799353805,0.30679599027340554,24.191660913347178
528.0,17.70109237611004,0.3063350712057597,24.167299748343005
529.0,17.698084552214056,0.30581276602046137,24.139680577130097
530.0,17.695294142346853,0.3053263472764204,24.113964434994443
531.0,17.69245668564058,0.3048278192499482,24.0876193053177
532.0,17.689539693404626,0.30435197152484106,24.062368422944367
533.0,17.686266109631468,0.3038123089117674,24.033748500404105
534.0,17.683131730234575,0.3032791611476732,24.00552392250095
535.0,17.680168752385732,0.30277961233640793,23.979064993013264
536.0,17.6770055942854,0.30227975086763587,23.95249034052449
537.0,17.673781793452736,0.3017801216364173,23.925896978547236
538.0,17.670817570625857,0.3012851307307127,23.899665321848566
539.0,17.66783532518646,0.30082227248433363,23.87503128680991
540.0,17.664716729564745,0.30034769798752514,23.84974326415863
541.0,17.661557247660873,0.29986788942536596,23.824173095098736
542.0,17.658370774636786,0.29940676676315403,23.799523725476092
543.0,17.655260747368256,0.29893775200154604,23.77451797376143
544.0,17.652128017632936,0.2984667752914899,23.749402773390962
545.0,17.64910568329538,0.2980056429853605,23.724834990915717
546.0,17.645761954123497,0.2974956689477023,23.697664424446863
547.0,17.642725848697445,0.29706632655213655,23.674679251955553
548.0,17.639843729211965,0.29665720211855107,23.652781970533535
549.0,17.636767384894213,0.296232160774851,23.629991731189655
550.0,17.63355813062922,0.29578511434836313,23.606034782732763
551.0,17.630319622100362,0.29532693606200494,23.581506614150427
552.0,17.627198570017825,0.29489094173829095,23.55814637192346
553.0,17.62399469570304,0.2944706901042833,23.535531853065685
554.0,17.620707476899746,0.29399925228503687,23.510316352701714
555.0,17.61746217926601,0.2935415276846441,23.485807473865208
556.0,17.61436429486592,0.293121547208191,23.46325950784251
557.0,17.611572724385734,0.2927262726175817,23.442099993071952
558.0,17.608165217981753,0.2922530583308583,23.41673552553379
559.0,17.60518954778316,0.29185600583374527,23.395395065578843
560.0,17.60178188122969,0.29141775101941075,23.37177849158538
561.0,17.598721627594372,0.2909942386433882,23.349072745966595
562.0,17.59569980808849,0.2906003978225068,23.327869795169583
563.0,17.592416863378066,0.29017914756797236,23.30516581008765
564.0,17.58909005402151,0.28973475894481615,23.281282974251564
565.0,17.58612913037823,0.28933474477744425,23.259801804061325
566.0,17.582873737465427,0.28888859053131966,23.235866395298697
567.0,17.579885307022188,0.28849972866847995,23.214929086935093
568.0,17.576793860589845,0.28808440313179756,23.192617086884802
569.0,17.573932955911438,0.2877256384499931,23.173248400455375
570.0,17.570810733015524,0.28731372782687215,23.15109175785137
571.0,17.56783948068477,0.2869109605641418,23.129467768549475
572.0,17.56490303958787,0.2865236984963232,23.10863644461009
573.0,17.561904273716358,0.28615097725348426,23.088500999532393
574.0,17.558701980528024,0.28572269825664504,23.065485903096263
575.0,17.55572378919236,0.2853317801147548,23.04445090033392
576.0,17.55253828768716,0.28493029176749185,23.022783732218173
577.0,17.54943454711311,0.2845429232557736,23.001863436345236
578.0,17.546400389027433,0.28416818672740973,22.981609530884203
579.0,17.543504321619146,0.2837981508765487,22.961659704637007
580.0,17.540512422875118,0.2834223938621342,22.941375904544266
581.0,17.53766046887858,0.2830760041802214,22.92263044345036
582.0,17.534846608658725,0.2826892467535198,22.901885642005354
583.0,17.532085910171308,0.2823378959587045,22.88293775302088
584.0,17.52893277987313,0.2819511320419439,22.862022992033758
585.0,17.52595519447344,0.2815602464509439,22.840989919783915
586.0,17.5232110155142,0.2812369905289256,22.823455034203377
587.0,17.520277969757444,0.2808887154680269,22.80457475828007
588.0,17.517344299904586,0.2805455208044292,22.78594819017375
589.0,17.5145730086803,0.2801995346648672,22.76726323758351
590.0,17.51180914504505,0.27984668108569993,22.74823862680752
591.0,17.509067641805203,0.27950226245847626,22.729646943826417
592.0,17.506221578043284,0.27915739575704607,22.710980576873943
593.0,17.503331266008384,0.27879667005358016,22.691499135683202
594.0,17.500486622146795,0.27845677088897963,22.67308185552238
595.0,17.497790990181375,0.27817796872397654,22.657793931289515
596.0,17.494931954662853,0.2778157262940414,22.638252292033496
597.0,17.49220385571612,0.2774807476408581,22.620139309900964
598.0,17.48941955609755,0.2771520802158175,22.60231378883965
599.0,17.486585792293404,0.2768245143783411,22.584518615063757
600.0,17.483856763033316,0.2764668568756326,22.56527122529829
601.0,17.481187079241863,0.27612673130404414,22.54693010482314
602.0,17.478413509480177,0.27579882307612097,22.529147908546136
603.0,17.47573856314607,0.27546266081278703,22.511002322212384
604.0,17.47309902348092,0.2751277217815773,22.492935600819322
605.0,17.470467405292265,0.27481318618009737,22.475893011651003
606.0,17.467995940033422,0.27451145321890874,22.459570630962148
607.0,17.465487829687962,0.274204087550871,22.44294829238753
608.0,17.462855860445217,0.273895280295577,22.42619194500146
609.0,17.46030152334336,0.27358500853352286,22.40940118834782
610.0,17.45766019444733,0.2732835958358917,22.393009889018252
611.0,17.45498506451294,0.2729691684877212,22.375950956642527
612.0,17.452377958027295,0.2726590892390387,22.359143440965582
613.0,17.449808332030727,0.27232259451552543,22.341033891791636
614.0,17.447297621547115,0.272035014204459,22.32539952099651
615.0,17.444647806335368,0.27171321576055574,22.307984691195472
616.0,17.442168450992654,0.2714177329522767,22.291970873110163
617.0,17.43965794144139,0.2711137928486753,22.27551861315446
618.0,17.437201259020966,0.27081072849431437,22.2591370542262
619.0,17.43480449509561,0.27052074227109785,22.243439361102695
620.0,17.432487426988924,0.2702380967773348,22.2281485523612
621.0,17.42997452631733,0.26993629475816233,22.211802001066783
622.0,17.427538968099686,0.2696472092262898,22.196129945364333
623.0,17.425104873573364,0.26935676769438127,22.180390821505746
624.0,17.42277744878781,0.26907088233051124,22.164932840919466
625.0,17.420554680196872,0.26882748859538147,22.15165176986751
626.0,17.418206970984997,0.2685312686053482,22.13566691575991
627.0,17.415754787292236,0.26823850751057626,22.11980276917493
628.0,17.413364082600555,0.26795515030905886,22.10443955675322
