dataset,tolerance,level,method,n,psnr,ssim,score,time_filter_call_s
set12,0,extreme,aswmf,11,32.65422646351026,0.9569577872838235,64.17500259594631,0.026094207635403356
set12,0,extreme,ghnlm,11,34.46823675551308,0.9673299249766923,65.60061462659115,179.40594813436408
set12,0,extreme,gnlm,11,22.58563078617918,0.5606977466964286,39.327702727911024,47.48203251945465
set12,0,extreme,ianlm,11,38.903646990523335,0.9813134726167078,68.51749712609706,0.6992972679065794
set12,0,extreme,median,11,28.426852056037657,0.8851586780791632,58.471359931976984,0.02038422182191756
set12,0,extreme,nlm,11,22.59780123527102,0.5596458009518189,39.28119066522646,0.007345644545487382
set12,0,extreme,nlmedians,11,18.90299008379907,0.4126241719031705,30.08270363705806,0.6756942779069174
set12,0,high,aswmf,11,34.984693348979405,0.9749241784801422,66.23855559849682,0.01946372199877673
set12,0,high,ghnlm,11,40.54919632881402,0.9862152285961404,69.58535959421403,179.02475683917874
set12,0,high,gnlm,11,25.420121026442136,0.6758831760984098,46.50421931814156,47.740777676000356
set12,0,high,ianlm,11,42.28174795072629,0.9902421814255593,70.65298304664111,0.40361527327331714
set12,0,high,median,11,33.45204456568013,0.9314983900155209,63.30094178361612,0.01895512891298329
set12,0,high,nlm,11,25.588953376781216,0.6748620531949564,46.53757934813843,0.007483153461097655
set12,0,high,nlmedians,11,26.181817167457265,0.7517434936654337,50.678083267000325,0.6822382352759384
set12,0,low,aswmf,11,36.149759178511225,0.9757910759761337,66.8644333880623,0.04486345164001581
set12,0,low,ghnlm,11,43.73754496345753,0.9908541871893799,71.41148184119776,181.97406461645733
set12,0,low,gnlm,11,29.559639282677097,0.8619059506293006,57.87511717280358,46.7822440363644
set12,0,low,ianlm,11,50.66082239509728,0.9984713473647964,75.25397856578844,0.060007301725404846
set12,0,low,median,11,36.47404462793092,0.9421605003003343,65.34504732898218,0.017006667267361827
set12,0,low,nlm,11,29.877445893975924,0.8597883931963018,57.92814260680305,0.006208651273151521
set12,0,low,nlmedians,11,39.65019756647067,0.9836937000880014,69.0097837876354,0.9215223939126272
set12,0,medium,aswmf,11,36.22093830810353,0.9798199350537697,67.10146590674024,0.017255411176434296
set12,0,medium,ghnlm,11,42.32543434900467,0.9890816161368686,70.61679798134575,178.52801208445453
set12,0,medium,gnlm,11,27.555355433249904,0.7624275629593843,51.899055864594175,47.39954513554535
set12,0,medium,ianlm,11,45.08359046306191,0.9947076667643945,72.27717856975067,0.21950767318114892
set12,0,medium,median,11,35.09533817880463,0.9384146864082521,64.46840340981493,0.01779989527263255
set12,0,medium,nlm,11,27.68860184469306,0.75827281131144,51.757941487918536,0.007443454817720604
set12,0,medium,nlmedians,11,31.84786788727605,0.9155654339430588,61.70220564079096,0.6806286667283117
set12,0,moderate,aswmf,11,36.41641552387681,0.9792196299606318,67.16918925996998,0.01671794144997627
set12,0,moderate,ghnlm,11,43.23945201862845,0.9899461810146438,71.11703506004642,178.12067073063437
set12,0,moderate,gnlm,11,28.616692864711386,0.8025131223854068,54.43400255162604,47.07987193881821
set12,0,moderate,ianlm,11,46.957671938938304,0.9964103000962699,73.29935097428265,0.14195808218210004
set12,0,moderate,median,11,35.80007257096638,0.9404842980898175,64.92425118997407,0.017299646911190146
set12,0,moderate,nlm,11,28.782750076302705,0.796539445167624,54.218347296532556,0.007506913637784733
set12,0,moderate,nlmedians,11,35.21957614384277,0.9600619335451236,65.61288474917757,0.6697362315396524
set12,4,extreme,aswmf,11,13.88786245777651,0.15792363637902637,14.840113047839573,0.018252779002068564
set12,4,extreme,ghnlm,11,34.080111746954,0.9569424546568442,64.88717860631922,175.7153786729984
set12,4,extreme,gnlm,11,22.614108806414592,0.564168878431993,39.51549832480695,47.70499286408846
set12,4,extreme,ianlm,11,38.11477230621056,0.9693697997779478,67.52587614200267,0.6884159889992919
set12,4,extreme,median,11,28.52277456135622,0.8858727718824091,58.55502587479857,0.02015899445607581
set12,4,extreme,nlm,11,22.627262860579055,0.5632257410166124,39.47491848112014,0.0072808350960258394
set12,4,extreme,nlmedians,11,19.052443095833322,0.42045590336989935,30.549016716411632,0.6757279543645299
set12,4,high,aswmf,11,18.00456819285748,0.36636667338880957,27.320617765869216,0.016950317280134186
set12,4,high,ghnlm,11,39.89482146611606,0.9751203585226406,68.70342865919005,177.62445410190742
set12,4,high,gnlm,11,25.457165985256506,0.6785198658318159,46.65457628421905,47.46575251363736
set12,4,high,ianlm,11,41.440666931959626,0.9791359190157934,69.67712941676949,0.4026235922779465
set12,4,high,median,11,33.470598635937556,0.931574993527752,63.31404899435638,0.018829255822559142
set12,4,high,nlm,11,25.630542465884307,0.6776842582442758,46.69948414515595,0.0073317694557111035
set12,4,high,nlmedians,11,26.303413465645278,0.7552626728486725,50.91484037525627,0.6718257541810586
set12,4,low,aswmf,11,32.433593182099166,0.9510129885820312,63.76744602015115,0.016207291453611106
set12,4,low,ghnlm,11,43.107266052997744,0.9851635975851907,70.81181290575842,177.50391023618232
set12,4,low,gnlm,11,29.623851063710312,0.862975579771942,57.96070452045225,46.66361817254537
set12,4,low,ianlm,11,49.40772978121879,0.9929867592027043,74.35320285074461,0.06611093326831576
set12,4,low,median,11,36.47477964031736,0.9421649334194815,65.34563649113275,0.016749254541619765
set12,4,low,nlm,11,29.94325921293752,0.8608692628213905,58.01509274753828,0.007471160817658529
set12,4,low,nlmedians,11,39.720547732700474,0.9838067646741018,69.05061210005533,0.6892176770859144
set12,4,medium,aswmf,11,22.63024624966114,0.6680791737145648,44.71908181055881,0.016046507821143183
set12,4,medium,ghnlm,11,41.74016804089361,0.9797877910263556,69.85947357176458,175.26325994027272
set12,4,medium,gnlm,11,27.611124866362953,0.7645588677587913,52.03350582112103,47.33401643700001
set12,4,medium,ianlm,11,44.20104595022137,0.9855543483435037,71.37824039228587,0.221965257268907
set12,4,medium,median,11,35.101745812680825,0.9384453138048052,64.47313859658067,0.017487050639994613
set12,4,medium,nlm,11,27.7412832450976,0.7601641147749302,51.87884736129531,0.007260353460548107
set12,4,medium,nlmedians,11,31.92836520279133,0.9168870198531613,61.80853359405373,0.6604874656345188
set12,4,moderate,aswmf,11,26.23380892658158,0.8289610858790701,54.564958757244305,0.016088744180954316
set12,4,moderate,ghnlm,11,42.586927288273,0.9822518217493041,70.40605473160171,176.70393150082037
set12,4,moderate,gnlm,11,28.6677211873628,0.804048411987403,54.53628119305154,46.99976172627298
set12,4,moderate,ianlm,11,45.96628631563184,0.9889136484790103,72.42882558176645,0.14387547027383168
set12,4,moderate,median,11,35.80069704865326,0.9405008308234599,64.92539006549963,0.017181617723756724
set12,4,moderate,nlm,11,28.83271025183781,0.7979863096073444,54.315670606286126,0.007235515997639264
set12,4,moderate,nlmedians,11,35.27543576273827,0.9605621928328386,65.66582752301106,0.66920314545595
set50,0,extreme,aswmf,50,29.761635129117124,0.9196325499346379,60.86244506129046,0.02544570609985385
set50,0,extreme,ghnlm,50,31.495891041454442,0.9371681707580101,62.60635405862772,172.98408273853943
set50,0,extreme,gnlm,50,21.483263823634456,0.4502597953763034,33.2546216806324,47.77060510632015
set50,0,extreme,ianlm,50,33.62908627972641,0.9526799089751194,64.44853858861919,0.6930310195405036
set50,0,extreme,median,50,25.74724736803552,0.7848747188375316,52.117359625894345,0.019399210161645898
set50,0,extreme,nlm,50,21.496343436244064,0.45279710529472517,33.388026982858285,0.007072887338581495
set50,0,extreme,nlmedians,50,18.607160114335578,0.46402596615659036,32.50487836499731,0.6522707140399143
set50,0,high,aswmf,50,31.794477518119603,0.9468166137965504,63.23806944888733,0.01925992410106119
set50,0,high,ghnlm,50,34.94792765037309,0.957421879810164,65.34505781569474,173.0254325982614
set50,0,high,gnlm,50,23.67079402914538,0.5557745194167656,39.62412298541097,47.57461154698016
set50,0,high,ianlm,50,36.7121737440588,0.9717931376262802,66.94574375334341,0.4126903949608095
set50,0,high,median,50,28.225906793731223,0.8296721117762632,55.596558985678776,0.018292164179729297
set50,0,high,nlm,50,23.73213554960046,0.5570221205216557,39.71717380088301,0.00710020124039147
set50,0,high,nlmedians,50,25.16249620858896,0.7710335679860246,51.13292650359571,0.6496503388829297
set50,0,low,aswmf,50,30.66118691714066,0.9230819481869545,61.48469086791806,0.017772053641965612
set50,0,low,ghnlm,50,36.22397613211972,0.9610885068716998,66.16641340964485,174.34465739918
set50,0,low,gnlm,50,26.282473646379703,0.8219888908187842,54.24068136412906,46.91646271286023
set50,0,low,ianlm,50,44.32740321065297,0.9911534936287332,71.72137628676315,0.06764446926245
set50,0,low,median,50,29.12469935225629,0.8437357137494391,56.7491353636001,0.017337952241650783
set50,0,low,nlm,50,26.28644204288328,0.8205831565253021,54.17237884770674,0.007241647579940036
set50,0,low,nlmedians,50,34.117966429765026,0.9574898229656277,64.9334743631639,0.6599483748985222
set50,0,medium,aswmf,50,32.09127974799519,0.9476929935902725,63.43028955351122,0.017626342739677055
set50,0,medium,ghnlm,50,35.77380320710859,0.9600395363193354,65.88887841952106,172.60052316811982
set50,0,medium,gnlm,50,25.09900302969128,0.6343250220662846,44.265752618159866,47.290345580480356
set50,0,medium,ianlm,50,39.34599035590295,0.9815270951320989,68.74934993455642,0.23143911033810582
set50,0,medium,median,50,28.774984723047215,0.8385603393326571,56.315509328156466,0.017749929862911813
set50,0,medium,nlm,50,25.08289446175807,0.6301948935978818,44.05119191077312,0.007147745162947103
set50,0,medium,nlmedians,50,29.899849529146046,0.9088721581928171,60.39353267421387,0.6467580898164306
set50,0,moderate,aswmf,50,31.58858789620034,0.9399360469776927,62.791096296984804,0.01758579875982832
set50,0,moderate,ghnlm,50,36.066733097507125,0.9605348567915848,66.0601093883328,173.30627949093991
set50,0,moderate,gnlm,50,25.917044510836703,0.6771524546966516,46.81614499025094,47.42936143151877
set50,0,moderate,ianlm,50,41.067663119887285,0.9859242855351686,69.83004583670207,0.14820504573988727
set50,0,moderate,median,50,28.959287470511107,0.8413353138672436,56.546409428617736,0.017465221919701436
set50,0,moderate,nlm,50,25.779207135533596,0.66736113947272,46.2576605414028,0.007219265919411555
set50,0,moderate,nlmedians,50,32.16672907098507,0.9430548806562404,63.23610856830455,0.6563506037410116
set50,4,extreme,aswmf,50,13.752805255743413,0.19762771315294234,16.757788285518824,0.018635816919559147
set50,4,extreme,ghnlm,50,31.02724387883232,0.9288742453190428,61.957334205368305,166.92895716144028
set50,4,extreme,ianlm,50,32.784430505429555,0.9431397356358387,63.54920203450671,0.6909250541202345
set50,4,extreme,median,50,25.80421322621135,0.7855228715632414,52.17825019126774,0.019656903820214212
set50,4,extreme,nlm,50,21.52220910376562,0.45530602022603345,33.52640556318448,0.007207323680268019
set50,4,extreme,nlmedians,50,18.751532892521155,0.4718370414863818,32.96761852057967,0.6422241947400471
set50,4,high,aswmf,50,17.761611088084212,0.4170016760620063,29.73088934714242,0.017001800920152164
set50,4,high,ghnlm,50,34.217388019007025,0.9494105015412216,64.57921908656459,166.87020977023985
set50,4,high,ianlm,50,35.70545924085693,0.9639869503442811,66.05207713764251,0.4062594858801094
set50,4,high,median,50,28.23113476178821,0.8297486168475894,55.60299822327357,0.018192032520055364
set50,4,high,nlm,50,23.765229035765536,0.5592772115025316,39.84647509300935,0.0068231028001537195
set50,4,high,nlmedians,50,25.266717024254177,0.7743980269405024,51.35325985915221,0.6166877852400284
set50,4,low,aswmf,50,28.967522384954737,0.902850015593406,59.62626197214767,0.01731198562425561
set50,4,low,ghnlm,50,35.546051301562095,0.9563288793897391,65.589469620268,170.7707977928204
set50,4,low,gnlm,50,26.374512057138276,0.8238000483136352,54.37725844425089,47.113828262260064
set50,4,low,ianlm,50,42.204184344230825,0.9868703001916643,70.44560718169863,0.07972016396233812
set50,4,low,median,50,29.1247631812749,0.8437399897666024,56.74938107896757,0.016606253581121565
set50,4,low,nlm,50,26.375109226983753,0.8223168404857604,54.3033966377799,0.007001706980518065
set50,4,low,nlmedians,50,34.11157587350463,0.9574583280613154,64.92870433981808,0.6423019733797992
set50,4,medium,aswmf,50,22.0265707217963,0.6848439585781869,45.2554832898075,0.017448209559879614
set50,4,medium,ghnlm,50,35.051547093568665,0.9533240112646334,65.191974110016,166.96660546850006
set50,4,medium,ianlm,50,38.06730594685566,0.975157109609222,67.79150845388892,0.24237157620000288
set50,4,medium,median,50,28.776413012962376,0.83858627871137,56.31752044204969,0.018547115099945586
set50,4,medium,nlm,50,25.123266086592448,0.6319528815359997,44.15927712009621,0.006302358559978529
set50,4,medium,nlmedians,50,29.950350286727602,0.9097692523189161,60.46363775930961,0.6251344800600418
set50,4,moderate,aswmf,50,25.01886680686878,0.8154183650375892,53.28035165531385,0.023711948100219614
set50,4,moderate,ghnlm,50,35.352393582210766,0.9546492548553932,65.40865953387504,170.78295008283945
set50,4,moderate,gnlm,43,26.251837537633623,0.6770561815504318,46.9787278463384,47.14124704716283
set50,4,moderate,ianlm,50,39.535152514185896,0.9804447825852364,68.78981538635477,0.15868324838105535
set50,4,moderate,median,50,28.959530694640037,0.8413506986999962,56.54730028231983,0.017448921560126108
set50,4,moderate,nlm,50,25.821247197807367,0.6689286094806189,46.35705407293463,0.006255271879169868
set50,4,moderate,nlmedians,50,32.19051867792276,0.9433159323307386,63.26105595549831,0.6786681913405141
