file_name,tolerance,density,h,psnr,ssim,score,time_sweep_s,h_best_psnr,h_best_ssim,any_optimum_at_boundary
01.png,0,0.2,539,22.544918629066014,0.5296924712580524,37.75708287743563,33.75545509000949,357,601,False
02.png,0,0.2,723,25.17116513168265,0.6260352900760415,43.8873470696434,33.07501827101805,392,801,False
03.png,0,0.2,630,23.71523259722482,0.6509535766208753,44.40529512965617,33.37964650300273,361,692,False
04.png,0,0.2,617,23.247267505616946,0.6552479139156043,44.38602944858869,33.72958510699391,374,655,False
05.png,0,0.2,593,23.267226803020023,0.666480413306105,44.95763406681526,33.60194505799154,356,679,False
06.png,0,0.2,595,21.60551395100967,0.5576424471987893,38.6848793354443,34.055404630009434,336,649,False
07.png,0,0.2,575,21.931362277554577,0.571432361655233,39.537299221538944,34.142466581004555,349,623,False
08.png,0,0.2,406,22.560627309442065,0.48012567719030635,35.28659751423635,33.545888825989095,344,423,False
09.png,0,0.2,436,21.246976261297597,0.4925553999582407,35.251258128560835,32.964178406007704,329,456,False
10.png,0,0.2,490,22.332639017590164,0.5112015043717291,36.72639472738154,34.982454379001865,345,525,False
11.png,0,0.2,400,20.962496555545584,0.4168954414506663,31.32602035030611,34.37196329400467,363,409,False
01.png,0,0.01,170,30.932722624668592,0.8545358981503349,58.19315621985105,30.820593348995317,153,183,False
02.png,0,0.01,174,35.243068421151285,0.9066733049338713,62.9551994572692,32.6142627849913,161,186,False
03.png,0,0.01,169,34.03282102411981,0.9270987503840602,63.37134803126292,32.61160297199967,157,186,False
04.png,0,0.01,171,31.929994453894984,0.9032261976345081,61.12630710867289,33.24129927800095,159,183,False
05.png,0,0.01,165,33.61448394901073,0.9327896660367232,63.446725276341525,33.753522216997226,156,177,False
06.png,0,0.01,166,29.534449068608623,0.8449974770619618,57.017098387402406,33.59469739299675,143,180,False
07.png,0,0.01,175,29.72681086049905,0.8626711572595409,57.99696329322657,33.8735792489897,157,188,False
08.png,0,0.01,1,25.518357751877787,0.8039951516200379,52.95893645694078,33.632833481009584,116,1,True
09.png,0,0.01,1,25.177921293225964,0.8213961627884141,53.65876878603369,34.69154070899822,119,1,True
10.png,0,0.01,135,28.40254872487947,0.7817445771677013,53.2885032208248,34.476419732993236,131,1,True
11.png,0,0.01,1,24.512921962766722,0.8191257823793904,53.212750100352885,34.746025838991045,150,1,True
01.png,0,0.05,250,28.091549881199725,0.7663096793775335,52.36125890947654,33.14295134101121,220,269,False
02.png,0,0.05,277,31.866114007610506,0.8320951766252257,57.53781583506654,32.55775955900026,236,297,False
03.png,0,0.05,257,30.146938566436255,0.8555169286027674,57.8493157133565,32.679015618996345,223,283,False
04.png,0,0.05,274,29.170237442082865,0.8402561492517135,56.59792618362711,33.02152226900216,234,291,False
05.png,0,0.05,248,29.95694940870625,0.8617370988441426,58.06532964656026,34.19250147200364,216,269,False
06.png,0,0.05,261,26.613486398916248,0.7606072892750313,51.33710766320969,33.682774622997385,204,278,False
07.png,0,0.05,266,27.398811130120727,0.7872371171562044,53.06126142287059,33.748011104995385,224,285,False
08.png,0,0.05,180,25.62973876896217,0.6440555268521687,45.01764572708952,33.957713978001266,180,180,False
09.png,0,0.05,190,24.561937699868103,0.6762416528943836,46.09305149465324,33.38927103699825,180,194,False
10.png,0,0.05,222,26.316377272394014,0.69847844642714,48.08211095755401,34.77865390300576,196,231,False
11.png,0,0.05,218,24.826192811898828,0.6212463690918976,43.47541486054429,34.36294915400504,223,214,False
01.png,4,0.2,543,22.553453235460452,0.5338083701122163,37.96714512334104,33.00885991098767,349,584,False
02.png,4,0.2,709,25.21872021643709,0.6308956045967474,44.15414033805592,33.01180160799413,385,769,False
03.png,4,0.2,622,23.748874964883665,0.6553104512249615,44.63996004368991,33.89378116000444,356,694,False
04.png,4,0.2,609,23.27737466211593,0.6587212274939489,44.57474870575541,33.647384035997675,371,648,False
05.png,4,0.2,595,23.286943598388824,0.6706691314154731,45.17692836996807,33.620755988988094,345,655,False
06.png,4,0.2,587,21.628491602145218,0.5613388231604702,38.88118695909612,33.80971500799933,332,645,False
07.png,4,0.2,554,21.983497557603215,0.5749855426815429,39.741025912878754,33.97640176900313,342,618,False
08.png,4,0.2,394,22.600843482376,0.4829791676724125,35.44938012480863,33.79390108700318,333,420,False
09.png,4,0.2,422,21.284979912781314,0.49521950373231655,35.403465143006486,34.610322531996644,323,446,False
10.png,4,0.2,490,22.351279266922646,0.5147167276141124,36.91147601416694,34.76120259500749,337,508,False
11.png,4,0.2,389,20.99214158890284,0.41893366942670296,31.44275426578657,34.82230562598852,354,395,False
01.png,4,0.01,168,30.982470127368934,0.8551990827853738,58.25118920295316,32.69188976800069,153,180,False
02.png,4,0.01,172,35.287938055403984,0.9072284284754,63.00539045147199,33.13465814400115,160,182,False
03.png,4,0.01,167,34.09244262811009,0.9276188320774033,63.42716291792521,32.56831631300156,155,182,False
04.png,4,0.01,169,31.979664122323296,0.9038119101624372,61.18042756928351,33.21453292299702,157,178,False
05.png,4,0.01,164,33.66447407166496,0.9334618862424668,63.50533134795582,33.66032187099336,154,174,False
06.png,4,0.01,164,29.596088701498914,0.8457933391037262,57.08771130593577,33.618092335003894,142,179,False
07.png,4,0.01,173,29.768672632118374,0.8632167990737123,58.0451762697448,33.67179755799589,154,183,False
08.png,4,0.01,1,25.63705598215046,0.8062384213462612,53.13044905838829,33.50261401598982,114,1,True
09.png,4,0.01,1,25.288111962738547,0.8235879462208764,53.82345329241309,34.322771879000356,118,1,True
10.png,4,0.01,134,28.448104487367658,0.7831013685833312,53.37912067285039,34.954652323998744,130,1,True
11.png,4,0.01,1,24.609464936144825,0.820838753101257,53.346670123135254,34.81435058900388,149,1,True
01.png,4,0.05,247,28.145972157726224,0.7683331234823078,52.4896422529785,33.28389723600412,217,264,False
02.png,4,0.05,272,31.93066044861709,0.8341296161133276,57.671811029974926,32.0438480169978,233,289,False
03.png,4,0.05,255,30.199599067568876,0.8575960477035841,57.97960191896364,32.54427464499895,222,280,False
04.png,4,0.05,267,29.231110825873078,0.8414634922209041,56.68873002398174,33.586619099995005,234,288,False
05.png,4,0.05,243,30.043006640367942,0.863400935761849,58.19155010827642,33.33955330999743,215,264,False
06.png,4,0.05,257,26.670278655353272,0.7624636320949315,51.45832093242321,33.55549978199997,203,272,False
07.png,4,0.05,264,27.433431451898237,0.7890661219485536,53.1700218233768,33.03734989199438,221,284,False
08.png,4,0.05,175,25.669591404472524,0.6463724743755193,45.153419421012224,34.060988615005044,177,175,False
09.png,4,0.05,185,24.622166930617787,0.6786343885362628,46.24280289212203,34.74105759800295,177,188,False
10.png,4,0.05,219,26.36056541166884,0.7005145715161093,48.20601128163989,34.89491180599725,192,227,False
11.png,4,0.05,214,24.853890906172374,0.6225725253387449,43.55557172002343,34.97865471699333,221,212,False
