dataset,file_name,level,density,tolerance,seed,reference_sha256,noisy_sha256,corruption_sha256,method,variant,variant_description,f,t,k,h_nlm,sigma,gamma,h_gnlm,psnr,ssim,score,elapsed_seconds
set12,01,medium,0.05,0,42,0a372ced9fd4d1f9633532a58073e3974b41da8cfc87f04ec8e9a8dc6a89bba1,95660ff47115848bd895ed7581195e91c2ab4a1746122ef36b82c4d90108493b,debb22c3d934ff8357d839fc55862b5d3602941741801bf98fed6f66ade2ae9e,gnlm,target_f1_t3_k7,Reported configuration,1,3,7,250.0,4.2321626989935,1.4,350.0,27.918475321629536,0.7586142591923261,51.889950620431065,54.688305510999726
set12,01,medium,0.05,0,42,0a372ced9fd4d1f9633532a58073e3974b41da8cfc87f04ec8e9a8dc6a89bba1,95660ff47115848bd895ed7581195e91c2ab4a1746122ef36b82c4d90108493b,debb22c3d934ff8357d839fc55862b5d3602941741801bf98fed6f66ade2ae9e,gnlm,lower_k_f1_t3_k3,Lower graph connectivity,1,3,3,250.0,4.2321626989935,1.4,350.0,28.050233909294434,0.7576610323682926,51.90816857306185,45.19201141399981
set12,01,medium,0.05,0,42,0a372ced9fd4d1f9633532a58073e3974b41da8cfc87f04ec8e9a8dc6a89bba1,95660ff47115848bd895ed7581195e91c2ab4a1746122ef36b82c4d90108493b,debb22c3d934ff8357d839fc55862b5d3602941741801bf98fed6f66ade2ae9e,gnlm,mid_k_f1_t3_k5,Intermediate graph connectivity,1,3,5,250.0,4.2321626989935,1.4,350.0,28.09560060116047,0.7618742305796631,52.14151182956339,48.21694605499988
set12,01,medium,0.05,0,42,0a372ced9fd4d1f9633532a58073e3974b41da8cfc87f04ec8e9a8dc6a89bba1,95660ff47115848bd895ed7581195e91c2ab4a1746122ef36b82c4d90108493b,debb22c3d934ff8357d839fc55862b5d3602941741801bf98fed6f66ade2ae9e,gnlm,wider_search_f1_t5_k7,Wider search radius,1,5,7,250.0,4.2321626989935,1.4,350.0,27.081885985167062,0.7674107772568162,51.91148185542434,97.17683714999976
set12,01,medium,0.05,0,42,0a372ced9fd4d1f9633532a58073e3974b41da8cfc87f04ec8e9a8dc6a89bba1,95660ff47115848bd895ed7581195e91c2ab4a1746122ef36b82c4d90108493b,debb22c3d934ff8357d839fc55862b5d3602941741801bf98fed6f66ade2ae9e,gnlm,larger_patch_f2_t3_k7,Larger patch radius,2,3,7,250.0,4.2321626989935,1.4,350.0,27.793846692759484,0.7211110038557325,49.95247353916637,43.297134582000126
set12,06,medium,0.05,0,42,933b93cb0dd3b983dcb68b052e1442c7d04b28739652c671986d730d95a8b12b,ee7bbd0b7dba2ae83eb30b91a2811fd7a57c732ac4a8efab48c46ead5731fcef,debb22c3d934ff8357d839fc55862b5d3602941741801bf98fed6f66ade2ae9e,gnlm,target_f1_t3_k7,Reported configuration,1,3,7,261.0,6.216353622863302,1.4,365.4,26.632355128646275,0.751551597732556,50.89375745095094,51.916362639
set12,06,medium,0.05,0,42,933b93cb0dd3b983dcb68b052e1442c7d04b28739652c671986d730d95a8b12b,ee7bbd0b7dba2ae83eb30b91a2811fd7a57c732ac4a8efab48c46ead5731fcef,debb22c3d934ff8357d839fc55862b5d3602941741801bf98fed6f66ade2ae9e,gnlm,lower_k_f1_t3_k3,Lower graph connectivity,1,3,3,261.0,6.216353622863302,1.4,365.4,26.96225438396862,0.7530158218063211,51.13191828230036,46.266200580999794
set12,06,medium,0.05,0,42,933b93cb0dd3b983dcb68b052e1442c7d04b28739652c671986d730d95a8b12b,ee7bbd0b7dba2ae83eb30b91a2811fd7a57c732ac4a8efab48c46ead5731fcef,debb22c3d934ff8357d839fc55862b5d3602941741801bf98fed6f66ade2ae9e,gnlm,mid_k_f1_t3_k5,Intermediate graph connectivity,1,3,5,261.0,6.216353622863302,1.4,365.4,27.002456856212635,0.7562316348454251,51.312810170377574,49.76398552799992
set12,06,medium,0.05,0,42,933b93cb0dd3b983dcb68b052e1442c7d04b28739652c671986d730d95a8b12b,ee7bbd0b7dba2ae83eb30b91a2811fd7a57c732ac4a8efab48c46ead5731fcef,debb22c3d934ff8357d839fc55862b5d3602941741801bf98fed6f66ade2ae9e,gnlm,wider_search_f1_t5_k7,Wider search radius,1,5,7,261.0,6.216353622863302,1.4,365.4,26.055093307426624,0.7606384854400013,51.059470925713384,98.39226995700028
set12,06,medium,0.05,0,42,933b93cb0dd3b983dcb68b052e1442c7d04b28739652c671986d730d95a8b12b,ee7bbd0b7dba2ae83eb30b91a2811fd7a57c732ac4a8efab48c46ead5731fcef,debb22c3d934ff8357d839fc55862b5d3602941741801bf98fed6f66ade2ae9e,gnlm,larger_patch_f2_t3_k7,Larger patch radius,2,3,7,261.0,6.216353622863302,1.4,365.4,26.784878995450093,0.7155119340281062,49.168036199130356,44.951009275999695
set12,11,medium,0.05,0,42,ee8d3e2495ee4b73af5145fb4cae6a733ea6ade1cfc983d864f831afa617e650,388364c4c93c645b6818bbbed711fbade8353d228c17e1bd853a8a575b48b5ee,debb22c3d934ff8357d839fc55862b5d3602941741801bf98fed6f66ade2ae9e,gnlm,target_f1_t3_k7,Reported configuration,1,3,7,218.0,9.23121703911611,1.4,305.2,25.033182539252312,0.6304769079209087,44.04043666567159,52.45990894999977
set12,11,medium,0.05,0,42,ee8d3e2495ee4b73af5145fb4cae6a733ea6ade1cfc983d864f831afa617e650,388364c4c93c645b6818bbbed711fbade8353d228c17e1bd853a8a575b48b5ee,debb22c3d934ff8357d839fc55862b5d3602941741801bf98fed6f66ade2ae9e,gnlm,lower_k_f1_t3_k3,Lower graph connectivity,1,3,3,218.0,9.23121703911611,1.4,305.2,25.06937514274076,0.6441856514935852,44.743970146049634,44.52941137699963
set12,11,medium,0.05,0,42,ee8d3e2495ee4b73af5145fb4cae6a733ea6ade1cfc983d864f831afa617e650,388364c4c93c645b6818bbbed711fbade8353d228c17e1bd853a8a575b48b5ee,debb22c3d934ff8357d839fc55862b5d3602941741801bf98fed6f66ade2ae9e,gnlm,mid_k_f1_t3_k5,Intermediate graph connectivity,1,3,5,218.0,9.23121703911611,1.4,305.2,25.176639420672405,0.6375448564482393,44.465562532748166,50.70632849499998
set12,11,medium,0.05,0,42,ee8d3e2495ee4b73af5145fb4cae6a733ea6ade1cfc983d864f831afa617e650,388364c4c93c645b6818bbbed711fbade8353d228c17e1bd853a8a575b48b5ee,debb22c3d934ff8357d839fc55862b5d3602941741801bf98fed6f66ade2ae9e,gnlm,wider_search_f1_t5_k7,Wider search radius,1,5,7,218.0,9.23121703911611,1.4,305.2,24.57334021572902,0.5921318856949479,41.893264392611904,100.27109693399962
set12,11,medium,0.05,0,42,ee8d3e2495ee4b73af5145fb4cae6a733ea6ade1cfc983d864f831afa617e650,388364c4c93c645b6818bbbed711fbade8353d228c17e1bd853a8a575b48b5ee,debb22c3d934ff8357d839fc55862b5d3602941741801bf98fed6f66ade2ae9e,gnlm,larger_patch_f2_t3_k7,Larger patch radius,2,3,7,218.0,9.23121703911611,1.4,305.2,24.337536419999807,0.6163333608159189,42.98543625079585,46.190954012000475
set12,01,medium,0.05,4,42,0a372ced9fd4d1f9633532a58073e3974b41da8cfc87f04ec8e9a8dc6a89bba1,9379e76152d6d388d723e1eaa08d1618611906ad05b452f66e45fc46f2920222,debb22c3d934ff8357d839fc55862b5d3602941741801bf98fed6f66ade2ae9e,gnlm,target_f1_t3_k7,Reported configuration,1,3,7,247.0,4.078588048023271,1.4,345.79999999999995,27.97353574031556,0.7611524870410875,52.04439222221215,57.035448209000606
set12,01,medium,0.05,4,42,0a372ced9fd4d1f9633532a58073e3974b41da8cfc87f04ec8e9a8dc6a89bba1,9379e76152d6d388d723e1eaa08d1618611906ad05b452f66e45fc46f2920222,debb22c3d934ff8357d839fc55862b5d3602941741801bf98fed6f66ade2ae9e,gnlm,lower_k_f1_t3_k3,Lower graph connectivity,1,3,3,247.0,4.078588048023271,1.4,345.79999999999995,28.114460054383773,0.7600971468280685,52.06208736859531,54.463783909000085
set12,01,medium,0.05,4,42,0a372ced9fd4d1f9633532a58073e3974b41da8cfc87f04ec8e9a8dc6a89bba1,9379e76152d6d388d723e1eaa08d1618611906ad05b452f66e45fc46f2920222,debb22c3d934ff8357d839fc55862b5d3602941741801bf98fed6f66ade2ae9e,gnlm,mid_k_f1_t3_k5,Intermediate graph connectivity,1,3,5,247.0,4.078588048023271,1.4,345.79999999999995,28.153177581175104,0.7643324272482855,52.29321015300183,57.583971463000125
set12,01,medium,0.05,4,42,0a372ced9fd4d1f9633532a58073e3974b41da8cfc87f04ec8e9a8dc6a89bba1,9379e76152d6d388d723e1eaa08d1618611906ad05b452f66e45fc46f2920222,debb22c3d934ff8357d839fc55862b5d3602941741801bf98fed6f66ade2ae9e,gnlm,wider_search_f1_t5_k7,Wider search radius,1,5,7,247.0,4.078588048023271,1.4,345.79999999999995,27.13999894628977,0.768971538197972,52.01857638304349,100.77911559799941
set12,01,medium,0.05,4,42,0a372ced9fd4d1f9633532a58073e3974b41da8cfc87f04ec8e9a8dc6a89bba1,9379e76152d6d388d723e1eaa08d1618611906ad05b452f66e45fc46f2920222,debb22c3d934ff8357d839fc55862b5d3602941741801bf98fed6f66ade2ae9e,gnlm,larger_patch_f2_t3_k7,Larger patch radius,2,3,7,247.0,4.078588048023271,1.4,345.79999999999995,27.859609790104884,0.7240959674017396,50.134603265139425,47.23689880299935
set12,06,medium,0.05,4,42,933b93cb0dd3b983dcb68b052e1442c7d04b28739652c671986d730d95a8b12b,7f05d0bd4b9d2c66814edc43fb09d1cf8703536c7bbce38d40abb67ae8057936,debb22c3d934ff8357d839fc55862b5d3602941741801bf98fed6f66ade2ae9e,gnlm,target_f1_t3_k7,Reported configuration,1,3,7,254.0,6.105387087283957,1.4,355.59999999999997,26.715713569350434,0.754216757999244,51.06869468463742,53.486298888999954
set12,06,medium,0.05,4,42,933b93cb0dd3b983dcb68b052e1442c7d04b28739652c671986d730d95a8b12b,7f05d0bd4b9d2c66814edc43fb09d1cf8703536c7bbce38d40abb67ae8057936,debb22c3d934ff8357d839fc55862b5d3602941741801bf98fed6f66ade2ae9e,gnlm,lower_k_f1_t3_k3,Lower graph connectivity,1,3,3,254.0,6.105387087283957,1.4,355.59999999999997,27.04362655795013,0.7555038701516579,51.29700678655796,47.98623855700043
set12,06,medium,0.05,4,42,933b93cb0dd3b983dcb68b052e1442c7d04b28739652c671986d730d95a8b12b,7f05d0bd4b9d2c66814edc43fb09d1cf8703536c7bbce38d40abb67ae8057936,debb22c3d934ff8357d839fc55862b5d3602941741801bf98fed6f66ade2ae9e,gnlm,mid_k_f1_t3_k5,Intermediate graph connectivity,1,3,5,254.0,6.105387087283957,1.4,355.59999999999997,27.082567230240834,0.7587823098809668,51.48039910916876,48.790022509000664
set12,06,medium,0.05,4,42,933b93cb0dd3b983dcb68b052e1442c7d04b28739652c671986d730d95a8b12b,7f05d0bd4b9d2c66814edc43fb09d1cf8703536c7bbce38d40abb67ae8057936,debb22c3d934ff8357d839fc55862b5d3602941741801bf98fed6f66ade2ae9e,gnlm,wider_search_f1_t5_k7,Wider search radius,1,5,7,254.0,6.105387087283957,1.4,355.59999999999997,26.159904862897992,0.7631158695022247,51.235745906560226,94.36582115000056
set12,06,medium,0.05,4,42,933b93cb0dd3b983dcb68b052e1442c7d04b28739652c671986d730d95a8b12b,7f05d0bd4b9d2c66814edc43fb09d1cf8703536c7bbce38d40abb67ae8057936,debb22c3d934ff8357d839fc55862b5d3602941741801bf98fed6f66ade2ae9e,gnlm,larger_patch_f2_t3_k7,Larger patch radius,2,3,7,254.0,6.105387087283957,1.4,355.59999999999997,26.828968873808265,0.7160797559003685,49.21847223192256,42.156646101999286
set12,11,medium,0.05,4,42,ee8d3e2495ee4b73af5145fb4cae6a733ea6ade1cfc983d864f831afa617e650,b6790ecf844461f61aa362c615867e8c021fa1137794f69852cd5d7a2e953403,debb22c3d934ff8357d839fc55862b5d3602941741801bf98fed6f66ade2ae9e,gnlm,target_f1_t3_k7,Reported configuration,1,3,7,214.0,9.117290462734342,1.4,299.59999999999997,25.075126324773237,0.6324779186232472,44.16145909354898,51.71209233599984
set12,11,medium,0.05,4,42,ee8d3e2495ee4b73af5145fb4cae6a733ea6ade1cfc983d864f831afa617e650,b6790ecf844461f61aa362c615867e8c021fa1137794f69852cd5d7a2e953403,debb22c3d934ff8357d839fc55862b5d3602941741801bf98fed6f66ade2ae9e,gnlm,lower_k_f1_t3_k3,Lower graph connectivity,1,3,3,214.0,9.117290462734342,1.4,299.59999999999997,25.108259263556782,0.6461923798461978,44.86374862408829,46.94699744800073
set12,11,medium,0.05,4,42,ee8d3e2495ee4b73af5145fb4cae6a733ea6ade1cfc983d864f831afa617e650,b6790ecf844461f61aa362c615867e8c021fa1137794f69852cd5d7a2e953403,debb22c3d934ff8357d839fc55862b5d3602941741801bf98fed6f66ade2ae9e,gnlm,mid_k_f1_t3_k5,Intermediate graph connectivity,1,3,5,214.0,9.117290462734342,1.4,299.59999999999997,25.21677771246454,0.6395443346543591,44.58560558895023,51.1446248000002
set12,11,medium,0.05,4,42,ee8d3e2495ee4b73af5145fb4cae6a733ea6ade1cfc983d864f831afa617e650,b6790ecf844461f61aa362c615867e8c021fa1137794f69852cd5d7a2e953403,debb22c3d934ff8357d839fc55862b5d3602941741801bf98fed6f66ade2ae9e,gnlm,wider_search_f1_t5_k7,Wider search radius,1,5,7,214.0,9.117290462734342,1.4,299.59999999999997,24.623298908138093,0.5943722364704364,42.03026127759087,97.98240696100038
set12,11,medium,0.05,4,42,ee8d3e2495ee4b73af5145fb4cae6a733ea6ade1cfc983d864f831afa617e650,b6790ecf844461f61aa362c615867e8c021fa1137794f69852cd5d7a2e953403,debb22c3d934ff8357d839fc55862b5d3602941741801bf98fed6f66ade2ae9e,gnlm,larger_patch_f2_t3_k7,Larger patch radius,2,3,7,214.0,9.117290462734342,1.4,299.59999999999997,24.360584384294327,0.6183903717592827,43.0998107801113,44.7542158819997
