tolerance,variant,variant_description,f,t,k,images,mean_psnr,mean_ssim,mean_score,mean_elapsed_seconds
0,mid_k_f1_t3_k5,Intermediate graph connectivity,1,3,5,3,26.75823229268184,0.7185502406244425,49.30662817756305,49.56242002599993
0,lower_k_f1_t3_k3,Lower graph connectivity,1,3,3,3,26.693954478667937,0.7182875018893996,49.26135233380395,45.32920779066641
0,target_f1_t3_k7,Reported configuration,1,3,7,3,26.528004329842705,0.7135475882819303,48.941381579017865,53.021525699999835
0,wider_search_f1_t5_k7,Wider search radius,1,5,7,3,25.903439836107566,0.7067270494639217,48.28807239124988,98.61340134699988
0,larger_patch_f2_t3_k7,Larger patch radius,2,3,7,3,26.30542070273646,0.6843187662332525,47.368648663030854,44.813032623333434
4,mid_k_f1_t3_k5,Intermediate graph connectivity,1,3,5,3,26.81750750796016,0.7208863572612039,49.45307161704027,52.506206257333666
4,lower_k_f1_t3_k3,Lower graph connectivity,1,3,3,3,26.755448625296896,0.7205977989419748,49.407614259747184,49.799006638000414
4,target_f1_t3_k7,Reported configuration,1,3,7,3,26.588125211479746,0.7159490545545263,49.091515333466184,54.077946478000136
4,wider_search_f1_t5_k7,Wider search radius,1,5,7,3,25.974400905775283,0.708819881390211,48.428194522398194,97.70911456966678
4,larger_patch_f2_t3_k7,Larger patch radius,2,3,7,3,26.349721016069157,0.6861886983537969,47.48429542572443,44.71592026233278
