tolerance,density,n,nlm_psnr,gnlm_psnr,delta_psnr,gnlm_wins_psnr,nlm_ssim,gnlm_ssim,delta_ssim,gnlm_wins_ssim,nlm_score,gnlm_score,delta_score,gnlm_wins_score
0,0.01,11,30.36191513223568,31.37910976254255,1.01719463030687,11,0.8480430915823938,0.8690730166610519,0.021029925078658075,11,57.58311214523753,59.14320571432387,1.5600935690863402,11
0,0.03,11,28.263910521598703,29.170964347611733,0.9070538260130305,11,0.7919814574370562,0.8083332136839072,0.016351756246851035,11,53.731028132652156,55.00214285800123,1.2711147253490684,11
0,0.05,11,26.965117395624898,27.850944507786025,0.8858271121611274,11,0.753769331607454,0.7621656951636085,0.008396363556154494,8,51.17102527818515,52.03375701207344,0.8627317338882864,9
0,0.1,11,24.637312515249306,25.588892607512353,0.9515800922630491,11,0.6843927191637056,0.6832681756630359,-0.0011245435006696704,6,46.53829221580993,46.95785508690797,0.4195628710980431,7
0,0.2,11,21.786354580863133,22.354962122813227,0.5686075419500919,11,0.5925764252382015,0.5305378638737303,-0.062038561364471285,0,40.52199855234164,37.70437425509312,-2.8176242972485204,1
4,0.01,11,30.42799615749929,31.44731178170985,1.01931562421056,11,0.8491607019165314,0.8701991154498726,0.021038413533341228,11,57.672033174576214,59.233611663348555,1.5615784887723414,11
4,0.03,11,28.326666795457317,29.235510166361262,0.9088433709039433,11,0.7934834275067781,0.8100003389015811,0.016516911394802894,11,53.83750477306757,55.11777202825969,1.2802672551921168,11
4,0.05,11,27.02682190366879,27.909804369173855,0.8829824655050674,11,0.7555117098439441,0.7641473624387491,0.008635652594804992,8,51.288996444031596,52.162270306524384,0.8732738624927818,9
4,0.1,11,24.685332074794665,25.640417016654247,0.9550849418595827,11,0.6864972858344548,0.6861011713207743,-0.0003961145136804648,6,46.66753032912007,47.125267074365844,0.45773674524576985,7
4,0.2,11,21.794798506437736,22.402115615299127,0.6073171088613918,10,0.5958840760292431,0.5382407444227549,-0.057643331606488074,0,40.69160305468102,38.11309502878731,-2.578508025893707,1
