file_name,density,tolerance,sigma,h0,noisy_sha256,legacy_offset_lower,legacy_offset_upper,h_score,delta_score,old_grid_contains_score_selected_h,old_grid_best_h_score,old_grid_gap_score,h_psnr,delta_psnr,old_grid_contains_psnr_selected_h,old_grid_best_h_psnr,old_grid_gap_psnr,h_ssim,delta_ssim,old_grid_contains_ssim_selected_h,old_grid_best_h_ssim,old_grid_gap_ssim
01.png,0.2,0,45.520164932301185,129,bb82ddd95a6a25e95485a996c31e0375130595fb41bbf773b1bd5b01c13959c1,25,499,539,410,True,539,0.0,357,228,True,357,0.0,601,472,True,601,0.0
02.png,0.2,0,46.019937457865666,129,49df52a59b6c929c5f31dd1d9dcd3a8cc145517e504d2433ddbe093f2ea75a04,25,499,723,594,False,628,0.030292377783297297,392,263,True,392,0.0,801,672,False,628,0.001544304937458718
03.png,0.2,0,45.91402921986008,129,5d873642d5904df0268ba3e2ab75f110ac16583462f4036e07f029c689362f0c,25,499,630,501,False,628,0.0010536513231613753,361,232,True,361,0.0,692,563,False,628,0.0003733987054346244
04.png,0.2,0,45.48007748217924,129,bed36c52da9f24d3ca3fb49a29cd8e86158fb485d9e63c07e1c4acb7624e204a,25,499,617,488,True,617,0.0,374,245,True,374,0.0,655,526,False,626,0.00016939905850454906
05.png,0.2,0,46.17082530800723,129,47e001521556c7ceb0d8f2d01af9cf5e6eedb001280a9b295e77fef79fb60244,25,499,593,464,True,593,0.0,356,227,True,356,0.0,679,550,False,627,0.00015171947272729636
06.png,0.2,0,44.039140648133056,129,99762f4e36329a2a9ca8ae0af403f0994ac05cc0f2d8cfc948e27d609ae70bab,25,499,595,466,True,595,0.0,336,207,True,336,0.0,649,520,False,628,7.837345762040648e-05
07.png,0.2,0,45.48496398851464,129,a555b68256523f4ea9a6a3a1d63d525af0a21767eb731194aeaa7d0237229d14,25,499,575,446,True,575,0.0,349,220,True,349,0.0,623,494,True,623,0.0
08.png,0.2,0,47.03901439513968,129,b513454383e7814ea07019014f0d151fde15b5a47f3e20c6d9f3194be9c69f56,25,499,406,277,True,406,0.0,344,215,True,344,0.0,423,294,True,423,0.0
09.png,0.2,0,47.46631788259221,129,0b3ebc1adeda4f915d78dc938f4f6754e061d4488a42511b466d50496ed3c90d,25,499,436,307,True,436,0.0,329,200,True,329,0.0,456,327,True,456,0.0
10.png,0.2,0,46.34413792391256,129,54206e07e2533ce3cdc4f253b01d2bcf15986e6aa5edcfa3142c91d69412c383,25,499,490,361,True,490,0.0,345,216,True,345,0.0,525,396,True,525,0.0
11.png,0.2,0,46.147998989060824,129,9a04391c3b1256307bf621b3151ddf799518fb0a981f8949a152baac9237f5bf,25,499,400,271,True,400,0.0,363,234,True,363,0.0,409,280,True,409,0.0
01.png,0.01,0,0.5311466516137235,73,580fbc14af471717cfc09261d71b2bee527d3960eb5a144e296d4af84219023d,25,499,170,97,True,170,0.0,153,80,True,153,0.0,183,110,True,183,0.0
02.png,0.01,0,0.37065108484627196,70,7d03f7624fa0aaaef532f6ccb5b007c11ecfba46dc0bf970948880603d265edc,25,499,174,104,True,174,0.0,161,91,True,161,0.0,186,116,True,186,0.0
03.png,0.01,0,0.43848370366219847,71,18313c5d887bba3759a18d07833b66fb952544043545ed839a5d493c1c132871,25,499,169,98,True,169,0.0,157,86,True,157,0.0,186,115,True,186,0.0
04.png,0.01,0,0.43848525013682355,71,e8a6fc5f208fe29f03f5cbd984d49640d58559cd6c5aa49284f500b1f7ee7903,25,499,171,100,True,171,0.0,159,88,True,159,0.0,183,112,True,183,0.0
05.png,0.01,0,0.43848639894654506,71,d9a99fe9c66291c5480b648f63457e4e7868b0267787c7b85908acc020420910,25,499,165,94,True,165,0.0,156,85,True,156,0.0,177,106,True,177,0.0
06.png,0.01,0,1.8599119812376683,92,e340e8d85915e482eb2fcd7c112e25b58f52ae82986a937d947c38437b40d732,25,499,166,74,True,166,0.0,143,51,True,143,0.0,180,88,True,180,0.0
07.png,0.01,0,0.7333028750467435,76,584ba7517a59730143877939055ad6e1e59eec8663870de1e2f41b823592272b,25,499,175,99,True,175,0.0,157,81,True,157,0.0,188,112,True,188,0.0
08.png,0.01,0,3.4812631961475544,111,e160bea8a7b841fbbcb9a08d2452bc47be4e0b6c86d87d1b0bea001f91693d97,25,499,1,-110,False,136,3.542810811700015,116,5,False,136,0.1900732431816614,1,-110,False,136,0.08804182690617401
09.png,0.01,0,4.047459899809398,116,f57c1e0803358fa46cb3fcadacd603e0bc8a9a1500621f0dea3a800d055c6fe6,25,499,1,-115,False,141,1.721835806372745,119,3,False,141,0.3690065129868749,1,-115,False,141,0.049186238404592464
10.png,0.01,0,2.9833839090041123,106,d06c846ad219995869474be865acb70b5ec7d01068ecd7580cc3fde6a2889b07,25,499,135,29,True,135,0.0,131,25,True,131,0.0,1,-105,False,138,0.006842903750682527
11.png,0.01,0,4.505667782690034,119,030fd588168a45176d9b0eca993f8007814b0503964557c1914c2fbae448d11f,25,499,1,-118,False,144,4.424221258456079,150,31,True,150,0.0,1,-118,False,144,0.10752052426732783
01.png,0.05,0,4.2321626989935,117,95660ff47115848bd895ed7581195e91c2ab4a1746122ef36b82c4d90108493b,25,499,250,133,True,250,0.0,220,103,True,220,0.0,269,152,True,269,0.0
02.png,0.05,0,5.055510738116375,121,c3f9d39a11e3011c40ec0ba98de83291f1b1fcd783cfca19fa39be37ecb6240b,25,499,277,156,True,277,0.0,236,115,True,236,0.0,297,176,True,297,0.0
03.png,0.05,0,4.404574294597253,118,0a2b74a80e9ef7c6edfd254d6abd4f21d8fc939cbcfe8e477f4c4a919f7d715d,25,499,257,139,True,257,0.0,223,105,True,223,0.0,283,165,True,283,0.0
04.png,0.05,0,4.077152566091263,116,1c72f71d2f5910501fba30fd6269d5a73022d2e2701365d87f47014e5f50f8e5,25,499,274,158,True,274,0.0,234,118,True,234,0.0,291,175,True,291,0.0
05.png,0.05,0,4.549923467961513,119,adb057f232e03a2f58a65b65c32bd3ae831f109d80147c92d9e62f40775bc731,25,499,248,129,True,248,0.0,216,97,True,216,0.0,269,150,True,269,0.0
06.png,0.05,0,6.213905420976799,125,418ae6ffd6be74f226d8da4b414080f6be346245802a6e9c0b97dc4ff2a94400,25,499,261,136,True,261,0.0,204,79,True,204,0.0,278,153,True,278,0.0
07.png,0.05,0,4.915456340388548,121,50403390a446b8878af128c5b5eb24f750286ab630615b3caace33849ff6c560,25,499,266,145,True,266,0.0,224,103,True,224,0.0,285,164,True,285,0.0
08.png,0.05,0,8.47469861955231,128,8e3d7b1e875d19f22c64e3044a9d0c41b820f9cfa02088458ff600eaf223eb5f,25,499,180,52,True,180,0.0,180,52,True,180,0.0,180,52,True,180,0.0
09.png,0.05,0,10.82821596228951,129,7c56fc735c741056497fe6ad8b491244bf2746021f23f9e3f3b7401a4df3be52,25,499,190,61,True,190,0.0,180,51,True,180,0.0,194,65,True,194,0.0
10.png,0.05,0,7.602872931061451,128,87d8a8c260cdb8c52551132cb0dfe95ee2f14d151af9ff4d6168d5800396b42c,25,499,222,94,True,222,0.0,196,68,True,196,0.0,231,103,True,231,0.0
11.png,0.05,0,9.23121703911611,129,599e46ff8f73bb0bcb238e7a5776355ab3a55274a6828355adfafd7ae4d55c02,25,499,218,89,True,218,0.0,223,94,True,223,0.0,214,85,True,214,0.0
01.png,0.2,4,44.830986557292725,129,65177135c7481be235c048926973169e2e8bf506e1b0926ab33339f39e25d3b0,25,499,543,414,True,543,0.0,349,220,True,349,0.0,584,455,True,584,0.0
02.png,0.2,4,45.234804839238556,129,c78625d61f7341c9115095ca61bc56d13277a60903cbda9e7817dcbf3fad2403,25,499,709,580,False,628,0.0244646311704102,385,256,True,385,0.0,769,640,False,628,0.001319282778189379
03.png,0.2,4,45.160859669004445,129,aad7e4eba1d0a55ac4a983788b73e9e5a66f24a767e26e93e98c74ddff8dd54a,25,499,622,493,True,622,0.0,356,227,True,356,0.0,694,565,False,627,0.00030226125269761095
04.png,0.2,4,44.77177725772632,129,9bdf88a0f1a278417dd2a591efa55b88d04dfe89bd8aaa8ad24e1443228a0a94,25,499,609,480,True,609,0.0,371,242,True,371,0.0,648,519,False,628,6.567647185728998e-05
05.png,0.2,4,45.37208795443821,129,f14c438201f32887ca2958073a99c9c4367ca05aa3996a24e4a516345d4ee79d,25,499,595,466,True,595,0.0,345,216,True,345,0.0,655,526,False,628,6.978771522592186e-05
06.png,0.2,4,43.21949990635146,129,3d987315aa538246f5a208b6d41f81eab45d6f505e0a6f7243927c5ad7a0fe40,25,499,587,458,True,587,0.0,332,203,True,332,0.0,645,516,False,628,7.591652083560607e-05
07.png,0.2,4,44.7712852136856,129,d658efe3236f7ef4462769d23a0c6a782ae9c9bb794297f469fb22a6a114781d,25,499,554,425,True,554,0.0,342,213,True,342,0.0,618,489,True,618,0.0
08.png,0.2,4,46.31076093648385,129,a8484a10dd4d38b8a5ac055a083f83a730aeb890ecb2fff33eb9cc1791e5eb5b,25,499,394,265,True,394,0.0,333,204,True,333,0.0,420,291,True,420,0.0
09.png,0.2,4,46.7464122055927,129,d5200db9a81ea1ad2851337034ec180dcba65337806d6f544c91105b701dd5a8,25,499,422,293,True,422,0.0,323,194,True,323,0.0,446,317,True,446,0.0
10.png,0.2,4,45.47943273481554,129,55df1265f85a4f395abe6fdb9f8d6ced6f37fabb2f2efbdcd9ad51de31f0f358,25,499,490,361,True,490,0.0,337,208,True,337,0.0,508,379,True,508,0.0
11.png,0.2,4,45.33394888560393,129,76b80ddc8c4f96ba7c3331b18a0331e1aa705a7e327f7bf24342319ad0898b04,25,499,389,260,True,389,0.0,354,225,True,354,0.0,395,266,True,395,0.0
01.png,0.01,4,0.5311464306887771,73,44e11976558cb007c81a668559ae9107fdef12040d6bf3409d86e01b32bb629b,25,499,168,95,True,168,0.0,153,80,True,153,0.0,180,107,True,180,0.0
02.png,0.01,4,0.37065108484627196,70,5a06d5c62acf1b36874d17fbb7c8fbcf1bfa1a90a72f48c16e827f3f6067b418,25,499,172,102,True,172,0.0,160,90,True,160,0.0,182,112,True,182,0.0
03.png,0.01,4,0.4384835711072306,71,2d3e27d6769c28d88fcabbfa79deb4e13ee1277e06787f8cfec414322f383aed,25,499,167,96,True,167,0.0,155,84,True,155,0.0,182,111,True,182,0.0
04.png,0.01,4,0.43848520595183427,71,ecca96323697cb95c9b9c67fa33692a63a0bcc03cbf07eb1f49bfa5e122f8d4d,25,499,169,98,True,169,0.0,157,86,True,157,0.0,178,107,True,178,0.0
05.png,0.01,4,0.43848631057656645,71,166ad95c58f0c06dd2685ab4d5020f880563f9a5058e35aa36901da12704efa6,25,499,164,93,True,164,0.0,154,83,True,154,0.0,174,103,True,174,0.0
06.png,0.01,4,1.8581201915520364,92,17094acf9de65d3df3665b52428f406b7e9029614715969875e5da956e308411,25,499,164,72,True,164,0.0,142,50,True,142,0.0,179,87,True,179,0.0
07.png,0.01,4,0.7327384559935708,75,bebd5b94e7c8cd5e3c45a4c02eeb5c2f8901ef456e75534811f5ac6a29a3fac0,25,499,173,98,True,173,0.0,154,79,True,154,0.0,183,108,True,183,0.0
08.png,0.01,4,3.476387294209577,111,66926c0920534e26b939a5d9f0556865f11d7abe2870967adce74daa613116e0,25,499,1,-110,False,136,3.673297411796007,114,3,False,136,0.22077457361690023,1,-110,False,136,0.08964905098544551
09.png,0.01,4,4.040805286942618,116,bf4e02197794a0e21fbe08f301c6e1a7f1d9ff3ad8f7a4b371f0e200d7cb39b1,25,499,1,-115,False,141,1.8241183449336376,118,2,False,141,0.41291243306755376,1,-115,False,141,0.05033940365965339
10.png,0.01,4,2.981189152216168,106,fe06adf3c895b40fb6b5a15eaf684dfca16946f6169b38d893ed18d3aef8cf92,25,499,134,28,True,134,0.0,130,24,False,131,0.001270990725011245,1,-105,False,137,0.007770033078415395
11.png,0.01,4,4.492357496516732,119,4d79c36b74d775043c078b1a3b12fac535b38d23f700cf6d0a06dba47d86941f,25,499,1,-118,False,144,4.483856832124843,149,30,True,149,0.0,1,-118,False,144,0.10817790364858737
01.png,0.05,4,4.078588048023271,116,9379e76152d6d388d723e1eaa08d1618611906ad05b452f66e45fc46f2920222,25,499,247,131,True,247,0.0,217,101,True,217,0.0,264,148,True,264,0.0
02.png,0.05,4,4.945823446346914,121,4e69b9926757359b28d2ba0ddea539b9b5734c1c9927cbb52997eed2c2c65a57,25,499,272,151,True,272,0.0,233,112,True,233,0.0,289,168,True,289,0.0
03.png,0.05,4,4.292831870605999,117,76e43ccb10d0fd50514c324d9319b070e705fa6c949ead13598cc60431e1acd1,25,499,255,138,True,255,0.0,222,105,True,222,0.0,280,163,True,280,0.0
04.png,0.05,4,3.925759946632062,115,96b121cc217c410a07c6e8b75d018b9c2d013f47489b90382de26ad622a43a5a,25,499,267,152,True,267,0.0,234,119,True,234,0.0,288,173,True,288,0.0
05.png,0.05,4,4.442808449528478,118,e0fa916e823acf6effc4f3b42e72ab8a62ce26e6958e64dcd7833e8e36a12729,25,499,243,125,True,243,0.0,215,97,True,215,0.0,264,146,True,264,0.0
06.png,0.05,4,6.102901416526537,125,5d3d90db8b69e62a740e7e86ea6a5df988b44fac6affdc46ef302b5c6eb8dce4,25,499,257,132,True,257,0.0,203,78,True,203,0.0,272,147,True,272,0.0
07.png,0.05,4,4.7817218100486505,120,57067cdfaec1e7cbd302b6992dd6d10ca47b25065f31c44a1bfe1573c39a6480,25,499,264,144,True,264,0.0,221,101,True,221,0.0,284,164,True,284,0.0
08.png,0.05,4,8.39238375190719,128,e1b0f210137124047cfa6d6db5eb311ebf1bd872e71c7f34ecbce8d731865d47,25,499,175,47,True,175,0.0,177,49,True,177,0.0,175,47,True,175,0.0
09.png,0.05,4,10.693861074700001,129,5780430f9e94feaf25364471128f02e7454678af26c718534cb418901e5bbe6c,25,499,185,56,True,185,0.0,177,48,True,177,0.0,188,59,True,188,0.0
10.png,0.05,4,7.528720621597552,128,461dc699c7e6039d3c7fbc9e361c8477afcdd41db684ad67d9d1dd1715aba45a,25,499,219,91,True,219,0.0,192,64,True,192,0.0,227,99,True,227,0.0
11.png,0.05,4,9.11770615511357,129,d061e894c51d566e883b22e0983bc6c1f82e2c15c660fea833b8da2c916beea5,25,499,214,85,True,214,0.0,221,92,True,221,0.0,212,83,True,212,0.0
01.png,0.1,0,20.733669780436248,129,5c64fdfe33f4ceb5a47428c2edc3ca4f989b1078a7da5d038a7aac327de869fd,25,499,339,210,True,339,0.0,268,139,True,268,0.0,360,231,True,360,0.0
02.png,0.1,0,21.310751191099406,129,e416650380e12917a3a2eeeb4269219a30b3b8cc16efb4db753ec8cb052bd8c8,25,499,397,268,True,397,0.0,294,165,True,294,0.0,431,302,True,431,0.0
03.png,0.1,0,21.448312848471524,129,4b3536cd26cb2a06a9257208afef360b062fd3e9ee7285ba6d4c75c0e03474d9,25,499,363,234,True,363,0.0,275,146,True,275,0.0,399,270,True,399,0.0
04.png,0.1,0,20.57662855194639,129,0a9fd41a69964cdee98a13387f66a0e0afec3986fcdb81bfef6cf0b952ec854c,25,499,369,240,True,369,0.0,292,163,True,292,0.0,401,272,True,401,0.0
05.png,0.1,0,21.144795199170677,129,99ebf5f91f8d5011c136e3657c039f5f484f7a9ad07790541df20dd03bf9c836,25,499,344,215,True,344,0.0,264,135,True,264,0.0,379,250,True,379,0.0
06.png,0.1,0,20.529748631791083,129,d64e7d6cff0dd1480f8ba1a2df2cb1a7e53c3656ab86e3b1aaaf93b31a9edfbf,25,499,361,232,True,361,0.0,256,127,True,256,0.0,389,260,True,389,0.0
07.png,0.1,0,20.62869755724375,129,2ba0d75dafd4a58439379072ed0bc3d150f40e4390b9b33d20349e9f1b29b718,25,499,353,224,True,353,0.0,273,144,True,273,0.0,386,257,True,386,0.0
08.png,0.1,0,22.48767670498756,129,df4e8481f6afd5a29944a9cd59f15e3ba5659986829732fd430d6985cd4b7fc9,25,499,252,123,True,252,0.0,235,106,True,235,0.0,254,125,True,254,0.0
09.png,0.1,0,24.379054407757266,129,3e0d74d912d9f117e2941f19693e873a800672ebfc0237c1409a0ea272ec7872,25,499,272,143,True,272,0.0,234,105,True,234,0.0,275,146,True,275,0.0
10.png,0.1,0,21.650651821020244,129,7164aae5d6477ab64a9b20611d6b33f74569a62d739a897485e7d12dad80435d,25,499,303,174,True,303,0.0,244,115,True,244,0.0,312,183,True,312,0.0
11.png,0.1,0,21.902472325893584,129,efb327d0e9507fdf30c7e6389581d470feab9b99fac8c2659863071b5babac8d,25,499,270,141,True,270,0.0,279,150,True,279,0.0,268,139,True,268,0.0
01.png,0.03,0,0.9696326970803544,79,1890871d8ac6fdf241ae77566f9a0eb175baed8033bd8ffbdecf5475a45749fe,25,499,220,141,True,220,0.0,195,116,True,195,0.0,233,154,True,233,0.0
02.png,0.03,0,0.623791572089619,74,ee7bfd453ba8d6e6718aaf8a97d81f5f2238214fca6f66b9cd8f2e44d4e6969a,25,499,227,153,True,227,0.0,205,131,True,205,0.0,247,173,True,247,0.0
03.png,0.03,0,0.7098193927546405,75,231f53176f51c4b24bdc12fd9f1b4c16454140fdfe7631cec75f8301deab3824,25,499,219,144,True,219,0.0,197,122,True,197,0.0,235,160,True,235,0.0
04.png,0.03,0,0.7215773718842555,75,5aab2f4c90265de03c4286a1026b54930c9f1174f15bd4788a5cea6ddc26c27a,25,499,227,152,True,227,0.0,204,129,True,204,0.0,240,165,True,240,0.0
05.png,0.03,0,0.7594724512076801,76,9f3476abacfd546a3608bc4be56078d043e749803d48ceb9c514386cce77c211,25,499,214,138,True,214,0.0,195,119,True,195,0.0,227,151,True,227,0.0
06.png,0.03,0,3.137222255990416,108,f6c87c3541133224f0d0b09d3ddb74251b7ff019191b5f7b5cf5f3356ce374c4,25,499,218,110,True,218,0.0,179,71,True,179,0.0,233,125,True,233,0.0
07.png,0.03,0,1.502971498567654,87,41c6793af84e33ba2ceb749b4738b40b1b3737129d2d2babeb1dd4ec40eb3ac5,25,499,227,140,True,227,0.0,199,112,True,199,0.0,245,158,True,245,0.0
08.png,0.03,0,5.112840231498484,122,b0b958f06122f7dfd86e575b45174a19c43c39d05a9f75e6d37f0d1b885e83d9,25,499,147,25,True,147,0.0,152,30,True,152,0.0,147,25,True,147,0.0
09.png,0.03,0,6.439813727251807,126,de0042a9b572069c4805997a988a6eb7d29426746f4b470c08ec69dfefe9b523,25,499,157,31,True,157,0.0,151,25,True,151,0.0,160,34,True,160,0.0
10.png,0.03,0,4.5081838527200855,119,5d887063ebde1fcfbf95f8deca1ac10049d03f7db0a73c069699f665d6977104,25,499,182,63,True,182,0.0,168,49,True,168,0.0,192,73,True,192,0.0
11.png,0.03,0,6.314604778965126,126,fc459f467923651b85169e1d453047db01071c2115000fa34e05ff50a6c59429,25,499,194,68,True,194,0.0,194,68,True,194,0.0,194,68,True,194,0.0
01.png,0.1,4,20.383933925379676,129,9ea25905277eaa2c13405c16af5a2bd159339f43e0d8dbc939852ca029957356,25,499,333,204,True,333,0.0,267,138,True,267,0.0,354,225,True,354,0.0
02.png,0.1,4,20.947935165293746,129,fb5756b2f1977a53d6af3dcead4efb66402b9d5e985cdbdec56b32e00ffd97a7,25,499,383,254,True,383,0.0,288,159,True,288,0.0,424,295,True,424,0.0
03.png,0.1,4,21.073666556893777,129,85f7066b7aa1244baa2f27667095e1ea8355fef86e40ccd8d4b2514ec34fd63d,25,499,353,224,True,353,0.0,273,144,True,273,0.0,406,277,True,406,0.0
04.png,0.1,4,20.190475782198057,129,fdc436c0c8446ba46cfc24590bb554f37546781412b4b4564d6407e3391d198a,25,499,366,237,True,366,0.0,286,157,True,286,0.0,396,267,True,396,0.0
05.png,0.1,4,20.70403826617956,129,0d5e8010bb26a850d7bcc7fe1db68e0f0c6af22b17fa9bc70b31b059f1079a92,25,499,343,214,True,343,0.0,263,134,True,263,0.0,374,245,True,374,0.0
06.png,0.1,4,20.09696620566677,129,a363dcecce4b7295d8e22162211f906c57f7427694cc70216f5f5b9f9c8ae75e,25,499,356,227,True,356,0.0,254,125,True,254,0.0,386,257,True,386,0.0
07.png,0.1,4,20.22609524620314,129,6b2b7a6b103aa4415de2661efe3e7b16f3e8a8d91d505c35019889f45be2ccdf,25,499,347,218,True,347,0.0,268,139,True,268,0.0,382,253,True,382,0.0
08.png,0.1,4,22.104313598722953,129,0c9b60e4d12da52284c5eb24f1ad2f1c68d32c53c03585a9c05992f6df84ca1f,25,499,248,119,True,248,0.0,234,105,True,234,0.0,251,122,True,251,0.0
09.png,0.1,4,23.999074811232425,129,6580f7427fae38e6900e311bc3d882abd5bbd2d3ee833d3f15f08e971f1badd3,25,499,260,131,True,260,0.0,231,102,True,231,0.0,275,146,True,275,0.0
10.png,0.1,4,21.24361404401488,129,20cbcff47f8f1652d0beb4647260b220d5985351324e73ce58f91790a1b40bdd,25,499,294,165,True,294,0.0,242,113,True,242,0.0,310,181,True,310,0.0
11.png,0.1,4,21.457100359141247,129,d985d535d00b2df1afd30e645e35cfc28961b28fa786c9d6216e5ca98bb90604,25,499,268,139,True,268,0.0,276,147,True,276,0.0,264,135,True,264,0.0
01.png,0.03,4,0.968731234928888,79,8022eb92cc13c07829c548cf238b714175cd922f1b59a9ef093b7a962ea44eae,25,499,216,137,True,216,0.0,194,115,True,194,0.0,233,154,True,233,0.0
02.png,0.03,4,0.6237953719986978,74,d879986baaf42190982449d59dd5553d540eb63dbc7567ea488c75632114b5ac,25,499,225,151,True,225,0.0,201,127,True,201,0.0,239,165,True,239,0.0
03.png,0.03,4,0.7096805635182957,75,d9a7aa26403306264e3dab31bb083178514a9ce2d7e31938922d1ea09f35d416,25,499,214,139,True,214,0.0,197,122,True,197,0.0,231,156,True,231,0.0
04.png,0.03,4,0.7164891168877571,75,558b3a110914cdad728ad09d50eba68d5001d3cabe99f29756fe4a3478144a26,25,499,227,152,True,227,0.0,201,126,True,201,0.0,239,164,True,239,0.0
05.png,0.03,4,0.7594724512076801,76,114a2e420e0ad99810e3e866c2b4386ab515991bfd7c5db3c2eb96d637d19c5b,25,499,209,133,True,209,0.0,191,115,True,191,0.0,223,147,True,223,0.0
06.png,0.03,4,3.1190438444372504,108,0e78536a56147ba906c487c61e6164992aafc64d24893e1e756d7777e6184f16,25,499,215,107,True,215,0.0,176,68,True,176,0.0,232,124,True,232,0.0
07.png,0.03,4,1.4841395026529314,87,b36e158819d385dc062ac7799786f1c8f4d46446b333738c6e5fa3718cffe970,25,499,225,138,True,225,0.0,195,108,True,195,0.0,243,156,True,243,0.0
08.png,0.03,4,5.096445833072836,122,f41575c24a908e64f17f53ab3e3de05a585eca0546392a462de5fb0793ed1ce6,25,499,146,24,False,147,0.0036855718103367963,150,28,True,150,0.0,146,24,False,147,9.086766135890656e-05
09.png,0.03,4,6.403459731984791,126,197f65e812b0eeb2cf91510c2b107e0d658adcb343eaa673a6289fbe2bc4596e,25,499,155,29,True,155,0.0,150,24,False,151,0.0011471486392480301,156,30,True,156,0.0
10.png,0.03,4,4.482826264107306,118,434ac8f246e81cbe180927267d40fe66e3454116170de134fb46d837087c066b,25,499,181,63,True,181,0.0,165,47,True,165,0.0,188,70,True,188,0.0
11.png,0.03,4,6.274447339820147,125,4f6af6012acab1aca32e1626772dece3f447b16d814b44a65374637178964709,25,499,191,66,True,191,0.0,192,67,True,192,0.0,191,66,True,191,0.0
