density,tolerance,n,sigma_min,sigma_max,h0_min,h0_max,h_score_min,h_score_max,h_psnr_min,h_psnr_max,h_ssim_min,h_ssim_max,delta_score_min,delta_score_max,delta_psnr_min,delta_psnr_max,delta_ssim_min,delta_ssim_max,old_grid_coverage_score,old_grid_gap_score_max,old_grid_coverage_psnr,old_grid_gap_psnr_max,old_grid_coverage_ssim,old_grid_gap_ssim_max
0.01,both,22,0.37065108484627196,4.505667782690034,70,119,1,175,114,161,1,188,-118,104,2,91,-118,116,16,4.483856832124843,17,0.41291243306755376,14,0.10817790364858737
0.01,0,11,0.37065108484627196,4.505667782690034,70,119,1,175,116,161,1,188,-118,104,3,91,-118,116,8,4.424221258456079,9,0.3690065129868749,7,0.10752052426732783
0.01,4,11,0.37065108484627196,4.492357496516732,70,119,1,173,114,160,1,183,-118,102,2,90,-118,112,8,4.483856832124843,8,0.41291243306755376,7,0.10817790364858737
0.03,both,22,0.623791572089619,6.439813727251807,74,126,146,227,150,205,146,247,24,153,24,131,24,173,21,0.0036855718103367963,21,0.0011471486392480301,21,9.086766135890656e-05
0.03,0,11,0.623791572089619,6.439813727251807,74,126,147,227,151,205,147,247,25,153,25,131,25,173,11,0.0,11,0.0,11,0.0
0.03,4,11,0.6237953719986978,6.403459731984791,74,126,146,227,150,201,146,243,24,152,24,127,24,165,10,0.0036855718103367963,10,0.0011471486392480301,10,9.086766135890656e-05
0.05,both,22,3.925759946632062,10.82821596228951,115,129,175,277,177,236,175,297,47,158,48,119,47,176,22,0.0,22,0.0,22,0.0
0.05,0,11,4.077152566091263,10.82821596228951,116,129,180,277,180,236,180,297,52,158,51,118,52,176,11,0.0,11,0.0,11,0.0
0.05,4,11,3.925759946632062,10.693861074700001,115,129,175,272,177,234,175,289,47,152,48,119,47,173,11,0.0,11,0.0,11,0.0
0.1,both,22,20.09696620566677,24.379054407757266,129,129,248,397,231,294,251,431,119,268,102,165,122,302,22,0.0,22,0.0,22,0.0
0.1,0,11,20.529748631791083,24.379054407757266,129,129,252,397,234,294,254,431,123,268,105,165,125,302,11,0.0,11,0.0,11,0.0
0.1,4,11,20.09696620566677,23.999074811232425,129,129,248,383,231,288,251,424,119,254,102,159,122,295,11,0.0,11,0.0,11,0.0
0.2,both,22,43.21949990635146,47.46631788259221,129,129,389,723,323,392,395,801,260,594,194,263,266,672,19,0.030292377783297297,22,0.0,12,0.001544304937458718
0.2,0,11,44.039140648133056,47.46631788259221,129,129,400,723,329,392,409,801,271,594,200,263,280,672,9,0.030292377783297297,11,0.0,6,0.001544304937458718
0.2,4,11,43.21949990635146,46.7464122055927,129,129,389,709,323,385,395,769,260,580,194,256,266,640,10,0.0244646311704102,11,0.0,6,0.001319282778189379
