tolerance,file_name,density,variant,variant_description,f,t,k,h_nlm,h_nlmedians,psnr,ssim,score,elapsed_seconds,assigned_impulses
0,01,0.05,baseline_f2_t3,Article baseline support,2,3,,250,1.25,32.60833104601956,0.9258503914359086,62.59668509480521,4.5345072700001765,13108
0,01,0.05,compact_f1_t3,Compact support shared with NLM-family methods,1,3,,250,1.25,29.86646943747821,0.8971827049290823,59.79236996519322,0.6884129540121648,13108
0,05,0.05,baseline_f2_t3,Article baseline support,2,3,,248,1.24,31.79076465782019,0.9036720457407806,61.078984615949125,0.9993573369865771,13108
0,05,0.05,compact_f1_t3,Compact support shared with NLM-family methods,1,3,,248,1.24,30.18026404789207,0.9017917099452611,60.17971752120909,0.7029945050016977,13108
0,08,0.05,baseline_f2_t3,Article baseline support,2,3,,180,0.9,31.697331989922084,0.9401697197771264,62.85715198381736,1.1282369029941037,13108
0,08,0.05,compact_f1_t3,Compact support shared with NLM-family methods,1,3,,180,0.9,28.7914316206788,0.9009532910487781,59.4433803627783,0.7210379810130689,13108
4,01,0.05,baseline_f2_t3,Article baseline support,2,3,,247,1.235,32.649430314197005,0.9258210714225734,62.615768728227174,1.043778438004665,13108
4,01,0.05,compact_f1_t3,Compact support shared with NLM-family methods,1,3,,247,1.235,29.98767945156473,0.8987150024709778,59.92958984933126,0.7348657580150757,13108
4,05,0.05,baseline_f2_t3,Article baseline support,2,3,,243,1.215,31.898372634239195,0.9051659203144312,61.20748233284116,1.0220406180014834,13108
4,05,0.05,compact_f1_t3,Compact support shared with NLM-family methods,1,3,,243,1.215,30.32938953014387,0.9037404312725066,60.351716328697265,0.697062214021571,13108
4,08,0.05,baseline_f2_t3,Article baseline support,2,3,,175,0.875,31.72609228175248,0.9402047394562087,62.87328311368668,1.0573178810009267,13108
4,08,0.05,compact_f1_t3,Compact support shared with NLM-family methods,1,3,,175,0.875,28.918705627882566,0.9026526428883362,59.5919849583581,0.737449503998505,13108
