h,psnr,ssim,score
229,27.349223940632214,0.7163266486787917,49.49094440425569
230,27.370257153072362,0.7176124780602197,49.565752479547164
231,27.38985731741586,0.7188156619967402,49.635711758544936
232,27.407464074413905,0.720022544651074,49.704859269760654
233,27.42551978699776,0.7211619837220441,49.77085907960108
234,27.44230344050653,0.7222873906464631,49.83552125257642
235,27.45924730273444,0.7234501641216547,49.90213185744996
236,27.474760626885274,0.7245826993866135,49.96651528277331
237,27.49081649388139,0.7256640462497583,50.028610559428614
238,27.504487788189724,0.7267007308702708,50.0872804376084
239,27.518659944090274,0.7277513163626604,50.14689579017816
240,27.53178120013346,0.7287697634251656,50.20437877132501
241,27.54499491347604,0.7297916778884903,50.262081351162536
242,27.557651465603506,0.7307380636490178,50.31572891525265
243,27.56880921606188,0.7316762316276086,50.36821618941137
244,27.579891801031312,0.7325925514560221,50.41957347331676
245,27.590554332593836,0.7335031071528666,50.47043252394025
246,27.601517648033514,0.7344528663168579,50.523402139859655
247,27.61097219192309,0.7353679848585313,50.573885338888104
248,27.620407591797125,0.7362531860836815,50.62286310008264
249,27.62919353199505,0.7370790692007748,50.66855022603626
250,27.636280224663295,0.7378737848823921,50.711829356451254
251,27.644394016172008,0.7387301502995492,50.75870452306347
252,27.651960914728658,0.7395543464427408,50.80369777950137
253,27.6583552317382,0.7403100927252481,50.844682252131506
254,27.665841129055906,0.7410692125230285,50.88638119067938
255,27.671839896520567,0.7418570343268505,50.928771664602806
256,27.677710836704573,0.7425999400459303,50.96885242064881
257,27.68345431613675,0.7433525665451665,51.009355485326694
258,27.688342439892075,0.7440446847387506,51.04640545688356
259,27.69306920688318,0.7447327593948598,51.083172573184584
260,27.697582803449315,0.7454316955661348,51.1203761800314
261,27.701462627020277,0.7461421899632635,51.15784081167332
262,27.705331499650605,0.7467691299565734,51.19112224765398
263,27.708457280673397,0.7474384907344863,51.226153177061015
264,27.71217517298879,0.7480891406866499,51.26054462082689
265,27.715085930323188,0.7487066020604612,51.292873068184655
266,27.718009185218655,0.7493207548658071,51.32504233589968
267,27.719656990294123,0.749907912705467,51.35522413042041
268,27.721186470495837,0.7504347782279193,51.38233214664388
269,27.72230328452208,0.7509910284936752,51.4107030669448
270,27.723522654079304,0.7515593946810128,51.43973106109029
271,27.725166818716353,0.7521204885115754,51.46860783493695
272,27.7260418078711,0.7526827775076367,51.497159779317386
273,27.726676504137856,0.7532074494589391,51.52371072501589
274,27.72684058934408,0.7537009947667673,51.5484700330104
275,27.72773931865453,0.7542435025669915,51.576044787676835
276,27.727119412554828,0.7547203852414031,51.599578968347565
277,27.726719826860446,0.7551971301354387,51.623216420202155
278,27.726009962297752,0.7556465413622028,51.64533204925902
279,27.7254609269987,0.756099961023594,51.667728514679055
280,27.72438237587325,0.7565345992533518,51.68892115060421
281,27.72323440855764,0.7569854594477695,51.7108901766673
282,27.722532352079085,0.7574423350468369,51.73338292838139
283,27.72014666077297,0.7578410806295484,51.7521273618639
284,27.719167827085997,0.7582562140343647,51.772394615261234
285,27.717199825997657,0.7586828337264131,51.792741599319484
286,27.71557749468036,0.7590854737750033,51.81206243609035
287,27.713291778601285,0.759453029554217,51.82929736701149
288,27.711348850013803,0.7598317387937753,51.84726136469567
289,27.709124140625047,0.7602441152639849,51.86676783351177
290,27.70646182243055,0.7606089003278818,51.88367592760937
291,27.703272916844973,0.7609559009864191,51.899431507743444
292,27.70062663592899,0.7612854837834251,51.91458750713575
293,27.69831023134971,0.7616176552891221,51.93003788013096
294,27.695733367060214,0.7619587103751541,51.94580220228781
295,27.69278312522639,0.7622915699958818,51.960970062407284
296,27.68879178091695,0.7626301487400391,51.97590332746043
297,27.68570015407725,0.7629376354826912,51.98973185117319
298,27.682888816523118,0.7632604284993258,52.004465833227854
299,27.67879054779342,0.763537473801414,52.016268963967406
300,27.675360821949386,0.7638601727283815,52.030689047393764
301,27.671639868640362,0.7641473608284375,52.04318797574206
302,27.66859870190943,0.7644191617795006,52.05525743992975
303,27.664854218434872,0.7646925396670867,52.06705409257177
304,27.660154773533915,0.7649456590229194,52.07736033791293
305,27.656547374856352,0.7652277291345303,52.08966014415469
306,27.65205528212092,0.7654667989990326,52.09936759101208
307,27.647516841923046,0.7657046029544315,52.1089885686831
308,27.643500669353976,0.765929650220362,52.11823284569509
309,27.63917752497094,0.7661596598265747,52.12757175381421
310,27.634770744601703,0.7664020389359455,52.13748731909813
311,27.630401354859252,0.7666214685512429,52.146274104991775
312,27.62561587813345,0.7668292581045407,52.154270844293755
313,27.621013187163914,0.7670798181893537,52.16449750304964
314,27.616418165145337,0.7672870151733975,52.17255984124254
315,27.611861812147048,0.7674908091295124,52.18047136254914
316,27.60621981020438,0.7676451352706112,52.185366668632746
317,27.601568393170513,0.7678378101870845,52.19267470593948
318,27.597059231155193,0.7680296266248994,52.20001094682256
319,27.592414243635513,0.7682035778319356,52.20638601341454
320,27.587328191632317,0.7684025372944261,52.213790960537466
321,27.582169535174735,0.7685806280979343,52.22011617248408
322,27.577656392565316,0.7687535660832141,52.226506500443364
323,27.57256762502029,0.7689169730554228,52.23213246528128
324,27.567363163003712,0.7690655219923543,52.23695768111958
325,27.561648428269233,0.7692207049129063,52.24185945977993
326,27.556540778212877,0.7693768731259446,52.24711404540367
327,27.55176752010414,0.7695134950280406,52.25155851145409
328,27.545816242876544,0.7696360142372807,52.2547088333023
329,27.540885532797454,0.7698014101371311,52.260513273255285
330,27.534898299425237,0.7699430704413592,52.26460267178058
331,27.529408997616812,0.770065193079105,52.26796415276366
332,27.52446762083649,0.7702070887414907,52.27258824749278
333,27.520161693817084,0.7703595182732196,52.27805676056952
334,27.515293652075794,0.770522004607771,52.28374705642645
335,27.509015510999756,0.7706173314734464,52.2853743291722
336,27.503119910518258,0.7707113022395682,52.28712506723754
337,27.497391093852215,0.7708123518952578,52.28931314168899
338,27.49264146360321,0.7709341481764566,52.29302814062443
339,27.486957868815583,0.7710410856295362,52.2955332158846
340,27.48127913458566,0.7711380284704841,52.29754099081703
341,27.475091533802907,0.7712446010815829,52.2997758209806
342,27.469953000076252,0.7713513572533822,52.30254436270724
343,27.465036135898355,0.7714704118445777,52.30603866017806
344,27.459570216311352,0.7715346639433005,52.3065183053207
345,27.45386648439816,0.7716318648104362,52.30852648272089
346,27.449229047015944,0.7717511562816706,52.312172337591505
347,27.443578611309995,0.7718510198259535,52.31434029695268
348,27.437679033423464,0.7719203940454608,52.31485921898477
349,27.431842605868578,0.7719932399616486,52.31558330101672
350,27.426036829498635,0.7720799139843129,52.31701411396496
351,27.42064998911976,0.7721482783307666,52.3177389110982
352,27.415179197498,0.7722099573720975,52.31808746735388
353,27.409748265281575,0.7722804885563899,52.31889856046028
354,27.404049568782156,0.7723379720180868,52.31892338529542
355,27.398287801556517,0.7724065490421277,52.31947135288465
356,27.392200466787735,0.7724648259762011,52.31934153220392
357,27.386739550199994,0.7725189109900865,52.31931532460432
358,27.381402876110744,0.7725875395205668,52.32007841408371
359,27.375867791873517,0.7726387456581667,52.31987117884509
360,27.370167601929325,0.7726916854216779,52.31966807204856
361,27.364798326345632,0.7727554033496883,52.32016933065723
362,27.359463838926214,0.7728143393025502,52.32044888459062
363,27.354238417264142,0.7728770497120154,52.320971694232846
364,27.34832799553498,0.7729035738772377,52.31934269162937
365,27.342514034755887,0.7729613013411464,52.31932208443526
366,27.336743861280446,0.7729894464467791,52.317844252979185
367,27.331931331675555,0.7730320221492579,52.31756677330067
368,27.326456148480624,0.7730484491814775,52.315650533314184
369,27.32105344117219,0.7730774442126114,52.31439893121666
370,27.31561350481541,0.7731155527821112,52.31358439151326
371,27.309485238242974,0.7731414049854177,52.31181286839237
372,27.304169601107805,0.7731821970029106,52.31119465069943
373,27.29891463084844,0.7732129657911915,52.3101056049838
374,27.293771487319084,0.7732359667989077,52.30868408360493
375,27.288356043720285,0.7732744039361893,52.30789821866961
376,27.282873476848025,0.7733083418218336,52.306853829515696
377,27.27718848370941,0.7733397620869268,52.30558234620104
378,27.27169986932661,0.7733498167957731,52.30334077445196
379,27.266252123929306,0.7733963554700429,52.3029438354668
380,27.261373418733974,0.7734485813529751,52.30311577701575
381,27.255951199506164,0.7734507622772874,52.30051371361745
382,27.250838227019702,0.7734929548966192,52.300066858340806
383,27.245268622086023,0.773496323993046,52.29745051069531
384,27.239680107760364,0.7735181761834092,52.29574886305064
385,27.233852299141567,0.7735308862601811,52.29347046257983
386,27.228308324315414,0.773525248466642,52.29041658548981
387,27.223255734540928,0.7735321986733152,52.28823780093622
388,27.218427750458773,0.7735625056555946,52.28733915800912
389,27.213314880915455,0.7735811686092485,52.28571587092016
390,27.208300325063263,0.7735991073680818,52.28410553093572
391,27.20295342426308,0.7735885150980298,52.28090246703303
392,27.19774646965996,0.7735860016378785,52.27817331672391
393,27.192213529584034,0.7735871820492095,52.27546586725249
394,27.18666003636162,0.7735868008800902,52.27267006218532
395,27.181669221875012,0.7735907975376741,52.270374487821215
396,27.176586386558842,0.7735890507157429,52.26774572906656
397,27.171641932331138,0.7735862958041898,52.26513575637506
398,27.16681177448157,0.7736025268117108,52.263532227826325
399,27.161894334859433,0.7736060544985724,52.261249892358336
400,27.156412546008767,0.7735834841595483,52.257380480981794
401,27.151365249485462,0.7735839201952545,52.25487863450545
402,27.14611343338433,0.7735654074001935,52.25132708670184
403,27.141342305393064,0.7735680436659466,52.24907333599386
404,27.13627334917621,0.7735628066159741,52.24627700538681
405,27.131104490180146,0.7735494955005662,52.24302702011838
406,27.12617733920729,0.7735285690182954,52.239517120518414
407,27.121677026804353,0.7735253962515852,52.23710832598144
408,27.116861557185725,0.7735263331621338,52.23474743669956
409,27.112311784533215,0.7735228383193656,52.23229780823489
